celebrity_name,season,year,wikipedia_title,wikipedia_url,total_pageviews,total_edits,status,Unnamed: 8
John O'Hurley,1,2005,John O'Hurley,https://en.wikipedia.org/wiki/John_O%27Hurley,0,49,Success,
Kelly Monaco,1,2005,Kelly Monaco,https://en.wikipedia.org/wiki/Kelly_Monaco,0,114,Success,
Evander Holyfield,1,2005,Evander Holyfield,https://en.wikipedia.org/wiki/Evander_Holyfield,0,47,Success,
Rachel Hunter,1,2005,Rachel Hunter,https://en.wikipedia.org/wiki/Rachel_Hunter,0,24,Success,
Joey McIntyre,1,2005,Joey McIntyre,https://en.wikipedia.org/wiki/Joey_McIntyre,0,31,Success,
Trista Sutter,1,2005,Trista Sutter,https://en.wikipedia.org/wiki/Trista_Sutter,0,39,Success,
Tatum O'Neal,2,2006,Tatum O'Neal,https://en.wikipedia.org/wiki/Tatum_O%27Neal,0,118,Success,
Tia Carrere,2,2006,Tia Carrere,https://en.wikipedia.org/wiki/Tia_Carrere,0,167,Success,
George Hamilton,2,2006,George Hamilton (actor),https://en.wikipedia.org/wiki/George_Hamilton_(actor),0,109,Success,
Lisa Rinna,2,2006,Lisa Rinna,https://en.wikipedia.org/wiki/Lisa_Rinna,0,129,Success,
Stacy Keibler,2,2006,Stacy Keibler,https://en.wikipedia.org/wiki/Stacy_Keibler,0,1690,Success,
Jerry Rice,2,2006,Jerry Rice,https://en.wikipedia.org/wiki/Jerry_Rice,0,637,Success,
Giselle Fernandez,2,2006,Giselle_Fernández,https://en.wikipedia.org/wiki/Giselle_Fern%C3%A1ndez,0,48,Success,
Master P,2,2006,Master P,https://en.wikipedia.org/wiki/Master_P,0,865,Success,
Drew Lachey,2,2006,Drew Lachey,https://en.wikipedia.org/wiki/Drew_Lachey,0,107,Success,
Kenny Mayne,2,2006,Kenny Mayne,https://en.wikipedia.org/wiki/Kenny_Mayne,0,74,Success,
Harry Hamlin,3,2006,Harry Hamlin,https://en.wikipedia.org/wiki/Harry_Hamlin,0,79,Success,
Vivica A. Fox,3,2006,Vivica A. Fox,https://en.wikipedia.org/wiki/Vivica_A._Fox,0,157,Success,
Monique Coleman,3,2006,Monique Coleman,https://en.wikipedia.org/wiki/Monique_Coleman,0,427,Success,
Joey Lawrence,3,2006,Joey Lawrence,https://en.wikipedia.org/wiki/Joey_Lawrence,0,158,Success,
Mario Lopez,3,2006,Mario Lopez,https://en.wikipedia.org/wiki/Mario_Lopez,0,424,Success,
Emmitt Smith,3,2006,Emmitt Smith,https://en.wikipedia.org/wiki/Emmitt_Smith,0,438,Success,
Shanna Moakler,3,2006,Shanna Moakler,https://en.wikipedia.org/wiki/Shanna_Moakler,0,228,Success,
Willa Ford,3,2006,Willa Ford,https://en.wikipedia.org/wiki/Willa_Ford,0,897,Success,
Sara Evans,3,2006,Sara Evans,https://en.wikipedia.org/wiki/Sara_Evans,0,544,Success,
Jerry Springer,3,2006,Jerry Springer,https://en.wikipedia.org/wiki/Jerry_Springer,0,431,Success,
Tucker Carlson,3,2006,Tucker Carlson,https://en.wikipedia.org/wiki/Tucker_Carlson,0,999,Success,
John Ratzenberger,4,2007,John Ratzenberger,https://en.wikipedia.org/wiki/John_Ratzenberger,0,359,Success,
Ian Ziering,4,2007,Ian Ziering,https://en.wikipedia.org/wiki/Ian_Ziering,0,145,Success,
Clyde Drexler,4,2007,Clyde Drexler,https://en.wikipedia.org/wiki/Clyde_Drexler,0,236,Success,
Laila Ali,4,2007,Laila Ali,https://en.wikipedia.org/wiki/Laila_Ali,0,277,Success,
Apolo Anton Ohno,4,2007,Karina Smirnoff,https://en.wikipedia.org/wiki/Karina_Smirnoff,0,218,Success,
Shandi Finnessey,4,2007,Shandi Finnessey,https://en.wikipedia.org/wiki/Shandi_Finnessey,0,295,Success,
Paulina Porizkova,4,2007,Paulina Porizkova,https://en.wikipedia.org/wiki/Paulina_Porizkova,0,330,Success,
Heather Mills,4,2007,Heather Mills,https://en.wikipedia.org/wiki/Heather_Mills,0,1087,Success,
Billy Ray Cyrus,4,2007,Billy Ray Cyrus,https://en.wikipedia.org/wiki/Billy_Ray_Cyrus,0,2199,Success,
Joey Fatone,4,2007,Joey Fatone,https://en.wikipedia.org/wiki/Joey_Fatone,0,452,Success,
Leeza Gibbons,4,2007,Leeza Gibbons,https://en.wikipedia.org/wiki/Leeza_Gibbons,0,93,Success,
Cameron Mathison,5,2007,Cameron Mathison,https://en.wikipedia.org/wiki/Cameron_Mathison,0,94,Success,
Jane Seymour,5,2007,Jane Seymour,https://en.wikipedia.org/wiki/Jane_Seymour,0,416,Success,
Sabrina Bryan,5,2007,Sabrina Bryan,https://en.wikipedia.org/wiki/Sabrina_Bryan,0,801,Success,
Jennie Garth,5,2007,Jennie Garth,https://en.wikipedia.org/wiki/Jennie_Garth,0,279,Success,
Floyd Mayweather Jr. ,5,2007,Floyd Mayweather Jr.,https://en.wikipedia.org/wiki/Floyd_Mayweather_Jr.,0,1603,Success,
Josie Maran,5,2007,Josie Maran,https://en.wikipedia.org/wiki/Josie_Maran,0,461,Success,
Albert Reed,5,2007,Albert Reed (model),https://en.wikipedia.org/wiki/Albert_Reed_(model),0,49,Success,
Helio Castroneves,5,2007,2002 Indy Racing League,https://en.wikipedia.org/wiki/2002_Indy_Racing_League,0,30,Success,
Mel B,5,2007,Mel B,https://en.wikipedia.org/wiki/Mel_B,0,1039,Success,
Wayne Newton,5,2007,Wayne Newton,https://en.wikipedia.org/wiki/Wayne_Newton,0,333,Success,
Marie Osmond,5,2007,Marie Osmond,https://en.wikipedia.org/wiki/Marie_Osmond,0,558,Success,
Mark Cuban,5,2007,Mark Cuban,https://en.wikipedia.org/wiki/Mark_Cuban,0,1405,Success,
Cristian de la Fuente,6,2008,Cristián_de_la_Fuente,https://en.wikipedia.org/wiki/Cristi%C3%A1n_de_la_Fuente,0,173,Success,
Steve Guttenberg,6,2008,Steve Guttenberg,https://en.wikipedia.org/wiki/Steve_Guttenberg,0,662,Success,
Priscilla Presley,6,2008,Priscilla Presley,https://en.wikipedia.org/wiki/Priscilla_Presley,0,634,Success,
Marlee Matlin,6,2008,Marlee Matlin,https://en.wikipedia.org/wiki/Marlee_Matlin,0,417,Success,
Shannon Elizabeth,6,2008,Shannon Elizabeth,https://en.wikipedia.org/wiki/Shannon_Elizabeth,0,780,Success,
Marissa Jaret Winokur,6,2008,Marissa Jaret Winokur,https://en.wikipedia.org/wiki/Marissa_Jaret_Winokur,0,223,Success,
Jason Taylor,6,2008,Jason Taylor (American football),https://en.wikipedia.org/wiki/Jason_Taylor_(American_football),0,650,Success,
Kristi Yamaguchi,6,2008,Kristi Yamaguchi,https://en.wikipedia.org/wiki/Kristi_Yamaguchi,0,643,Success,
Monica Seles,6,2008,Monica Seles,https://en.wikipedia.org/wiki/Monica_Seles,0,1026,Success,
Penn Jillette,6,2008,Penn Jillette,https://en.wikipedia.org/wiki/Penn_Jillette,0,729,Success,
Adam Carolla,6,2008,Adam Carolla,https://en.wikipedia.org/wiki/Adam_Carolla,0,1307,Success,
Mario,6,2008,Mario_(American_singer),https://en.wikipedia.org/wiki/Mario_(American_singer),0,1804,Success,
Ted McGinley,7,2008,Ted McGinley,https://en.wikipedia.org/wiki/Ted_McGinley,0,237,Success,
Cloris Leachman,7,2008,Cloris Leachman,https://en.wikipedia.org/wiki/Cloris_Leachman,0,555,Success,
Susan Lucci,7,2008,Susan Lucci,https://en.wikipedia.org/wiki/Susan_Lucci,0,438,Success,
Cody Linley,7,2008,Cody Linley,https://en.wikipedia.org/wiki/Cody_Linley,0,1832,Success,
Misty May-Treanor,7,2008,Misty May-Treanor,https://en.wikipedia.org/wiki/Misty_May-Treanor,0,661,Success,
Maurice Greene,7,2008,Maurice_Greene_(sprinter),https://en.wikipedia.org/wiki/Maurice_Greene_(sprinter),0,349,Success,
Warren Sapp,7,2008,Warren Sapp,https://en.wikipedia.org/wiki/Warren_Sapp,0,732,Success,
Jeffrey Ross,7,2008,Jeffrey_Ross_Gunter,https://en.wikipedia.org/wiki/Jeffrey_Ross_Gunter,0,0,Success,
Toni Braxton,7,2008,Toni Braxton,https://en.wikipedia.org/wiki/Toni_Braxton,0,1944,Success,
Lance Bass,7,2008,Lance Bass,https://en.wikipedia.org/wiki/Lance_Bass,0,2675,Success,
Kim Kardashian,7,2008,Kim Kardashian,https://en.wikipedia.org/wiki/Kim_Kardashian,0,2719,Success,
Rocco DiSpirito,7,2008,Rocco DiSpirito,https://en.wikipedia.org/wiki/Rocco_DiSpirito,0,140,Success,
Brooke Burke,7,2008,Brooke Burke,https://en.wikipedia.org/wiki/Brooke_Burke,0,754,Success,
Gilles Marini,8,2009,Gilles Marini,https://en.wikipedia.org/wiki/Gilles_Marini,0,128,Success,
Denise Richards,8,2009,Denise Richards,https://en.wikipedia.org/wiki/Denise_Richards,0,1215,Success,
David Alan Grier,8,2009,David Alan Grier,https://en.wikipedia.org/wiki/David_Alan_Grier,0,419,Success,
Lawrence Taylor,8,2009,Lawrence Taylor,https://en.wikipedia.org/wiki/Lawrence_Taylor,0,1911,Success,
Ty Murray,8,2009,Ty Murray,https://en.wikipedia.org/wiki/Ty_Murray,0,243,Success,
Shawn Johnson,8,2009,Shawn Johnson East,https://en.wikipedia.org/wiki/Shawn_Johnson_East,0,1293,Success,
Steve Wozniak,8,2009,Steve Wozniak,https://en.wikipedia.org/wiki/Steve_Wozniak,0,2458,Success,
Belinda Carlisle,8,2009,Belinda Carlisle,https://en.wikipedia.org/wiki/Belinda_Carlisle,0,1185,Success,
Chuck Wicks,8,2009,Chuck Wicks,https://en.wikipedia.org/wiki/Chuck_Wicks,0,425,Success,
Lil' Kim,8,2009,Lil' Kim,https://en.wikipedia.org/wiki/Lil%27_Kim,0,4336,Success,
Steve-O,8,2009,Steve-O,https://en.wikipedia.org/wiki/Steve-O,0,1684,Success,
Holly Madison,8,2009,Holly Madison,https://en.wikipedia.org/wiki/Holly_Madison,0,1205,Success,
Melissa Rycroft,8,2009,Melissa Rycroft,https://en.wikipedia.org/wiki/Melissa_Rycroft,0,381,Success,
Ashley Hamiliton,9,2009,Ashley_Hamilton,https://en.wikipedia.org/wiki/Ashley_Hamilton,0,69,Success,
Debi Mazar,9,2009,Debi Mazar,https://en.wikipedia.org/wiki/Debi_Mazar,0,264,Success,
Melissa Joan Hart,9,2009,Melissa Joan Hart,https://en.wikipedia.org/wiki/Melissa_Joan_Hart,0,1220,Success,
Mark Dacascos,9,2009,Mark Dacascos,https://en.wikipedia.org/wiki/Mark_Dacascos,0,302,Success,
Chuck Liddell,9,2009,Chuck Liddell,https://en.wikipedia.org/wiki/Chuck_Liddell,0,3603,Success,
Natalie Coughlin,9,2009,Natalie Coughlin,https://en.wikipedia.org/wiki/Natalie_Coughlin,0,213,Success,
Louie Vito,9,2009,Louie Vito,https://en.wikipedia.org/wiki/Louie_Vito,0,146,Success,
Michael Irvin,9,2009,Michael Irvin,https://en.wikipedia.org/wiki/Michael_Irvin,0,1154,Success,
Joanna Krupa,9,2009,Joanna Krupa,https://en.wikipedia.org/wiki/Joanna_Krupa,0,615,Success,
Kathy Ireland,9,2009,Kathy Ireland,https://en.wikipedia.org/wiki/Kathy_Ireland,0,466,Success,
Tom DeLay,9,2009,Tom DeLay,https://en.wikipedia.org/wiki/Tom_DeLay,0,3207,Success,
Macy Gray,9,2009,Macy Gray,https://en.wikipedia.org/wiki/Macy_Gray,0,822,Success,
Aaron Carter,9,2009,Aaron Carter,https://en.wikipedia.org/wiki/Aaron_Carter,0,2433,Success,
Mya,9,2009,Mya (singer),https://en.wikipedia.org/wiki/Mya_(singer),0,4259,Success,
Donny Osmond,9,2009,Donny Osmond,https://en.wikipedia.org/wiki/Donny_Osmond,0,982,Success,
Kelly Osbourne,9,2009,Kelly Osbourne,https://en.wikipedia.org/wiki/Kelly_Osbourne,0,1342,Success,
Aiden Turner,10,2010,Aiden Turner,https://en.wikipedia.org/wiki/Aiden_Turner,0,167,Success,
Shannen Doherty,10,2010,Shannen Doherty,https://en.wikipedia.org/wiki/Shannen_Doherty,0,1768,Success,
Niecy Nash,10,2010,Niecy Nash,https://en.wikipedia.org/wiki/Niecy_Nash,0,325,Success,
Buzz Aldrin,10,2010,Buzz Aldrin,https://en.wikipedia.org/wiki/Buzz_Aldrin,0,1964,Success,
Chad Ochocinco,10,2010,Chad_Johnson,https://en.wikipedia.org/wiki/Chad_Johnson,0,3251,Success,
Evan Lysacek,10,2010,Evan Lysacek,https://en.wikipedia.org/wiki/Evan_Lysacek,0,1279,Success,
Pamela Anderson,10,2010,Pamela Anderson,https://en.wikipedia.org/wiki/Pamela_Anderson,0,5171,Success,
Nicole Scherzinger,10,2010,Nicole Scherzinger,https://en.wikipedia.org/wiki/Nicole_Scherzinger,0,7063,Success,
Erin Andrews,10,2010,Erin Andrews,https://en.wikipedia.org/wiki/Erin_Andrews,0,1318,Success,
Kate Gosselin,10,2010,Kate Gosselin,https://en.wikipedia.org/wiki/Kate_Gosselin,0,1530,Success,
Jake Pavelka,10,2010,Jake Pavelka,https://en.wikipedia.org/wiki/Jake_Pavelka,0,70,Success,
David Hasselhoff,11,2010,David Hasselhoff,https://en.wikipedia.org/wiki/David_Hasselhoff,0,4679,Success,
Florence Henderson,11,2010,Florence Henderson,https://en.wikipedia.org/wiki/Florence_Henderson,0,436,Success,
Kyle Massey,11,2010,Kyle Massey,https://en.wikipedia.org/wiki/Kyle_Massey,0,2205,Success,
Jennifer Grey,11,2010,Jennifer Grey,https://en.wikipedia.org/wiki/Jennifer_Grey,0,538,Success,
Rick Fox,11,2010,Rick Fox,https://en.wikipedia.org/wiki/Rick_Fox,0,640,Success,
Kurt Warner,11,2010,Kurt Warner,https://en.wikipedia.org/wiki/Kurt_Warner,0,2339,Success,
Margaret Cho,11,2010,Margaret Cho,https://en.wikipedia.org/wiki/Margaret_Cho,0,1217,Success,
Michael Bolton,11,2010,Michael Bolton,https://en.wikipedia.org/wiki/Michael_Bolton,0,1482,Success,
Brandy,11,2010,Brandy,https://en.wikipedia.org/wiki/Brandy,0,884,Success,
The Situation,11,2010,Michael Sorrentino,https://en.wikipedia.org/wiki/Michael_Sorrentino,0,206,Success,
Audrina Patridge,11,2010,Audrina Patridge,https://en.wikipedia.org/wiki/Audrina_Patridge,0,1550,Success,
Bristol Palin,11,2010,Bristol Palin,https://en.wikipedia.org/wiki/Bristol_Palin,0,1109,Success,
Ralph Macchio,12,2011,Ralph Macchio,https://en.wikipedia.org/wiki/Ralph_Macchio,0,1221,Success,
Chelsea Kane,12,2011,Chelsea Kane,https://en.wikipedia.org/wiki/Chelsea_Kane,0,1869,Success,
Kirstie Alley,12,2011,Kirstie Alley,https://en.wikipedia.org/wiki/Kirstie_Alley,0,1546,Success,
Hines Ward,12,2011,Hines Ward,https://en.wikipedia.org/wiki/Hines_Ward,0,1890,Success,
Sugar Ray Leonard,12,2011,Sugar Ray Leonard,https://en.wikipedia.org/wiki/Sugar_Ray_Leonard,0,1295,Success,
Chris Jericho,12,2011,Chris Jericho,https://en.wikipedia.org/wiki/Chris_Jericho,0,8158,Success,
Petra Nemcova,12,2011,A Model Life,https://en.wikipedia.org/wiki/A_Model_Life,0,124,Success,
Mike Catherwood,12,2011,Drew Pinsky,https://en.wikipedia.org/wiki/Drew_Pinsky,0,994,Success,
Romeo,12,2011,Romeo,https://en.wikipedia.org/wiki/Romeo,0,913,Success,
Wendy Williams,12,2011,Wendy Williams,https://en.wikipedia.org/wiki/Wendy_Williams,0,1813,Success,
Kendra Wilkinson,12,2011,Kendra Wilkinson,https://en.wikipedia.org/wiki/Kendra_Wilkinson,0,2224,Success,
Elisabetta Canalis,13,2011,Elisabetta Canalis,https://en.wikipedia.org/wiki/Elisabetta_Canalis,0,340,Success,
David Arquette,13,2011,David Arquette,https://en.wikipedia.org/wiki/David_Arquette,0,1205,Success,
Ricki Lake,13,2011,Ricki Lake,https://en.wikipedia.org/wiki/Ricki_Lake,0,914,Success,
J.R. Martinez,13,2011,Sergio Martínez (boxer),https://en.wikipedia.org/wiki/Sergio_Mart%C3%ADnez_(boxer),0,495,Success,
Metta World Peace (Ron),13,2011,Metta_Sandiford-Artest,https://en.wikipedia.org/wiki/Metta_Sandiford-Artest,0,2658,Success,
Hope Solo,13,2011,Hope Solo,https://en.wikipedia.org/wiki/Hope_Solo,0,701,Success,
Chynna Phillips,13,2011,Chynna Phillips,https://en.wikipedia.org/wiki/Chynna_Phillips,0,245,Success,
Kristin Cavallari,13,2011,Kristin Cavallari,https://en.wikipedia.org/wiki/Kristin_Cavallari,0,2036,Success,
Carson Kressley,13,2011,Carson Kressley,https://en.wikipedia.org/wiki/Carson_Kressley,0,453,Success,
Chaz Bono,13,2011,Chaz Bono,https://en.wikipedia.org/wiki/Chaz_Bono,0,945,Success,
Nancy Grace,13,2011,Nancy Grace,https://en.wikipedia.org/wiki/Nancy_Grace,0,2857,Success,
Rob Kardashian,13,2011,Rob Kardashian,https://en.wikipedia.org/wiki/Rob_Kardashian,0,1567,Success,
William Levy,14,2012,William Levy (actor),https://en.wikipedia.org/wiki/William_Levy_(actor),0,1942,Success,
Jack Wagner,14,2012,Jack Wagner (actor),https://en.wikipedia.org/wiki/Jack_Wagner_(actor),0,403,Success,
Sherri Sheperd,14,2012,Sherri_Shepherd,https://en.wikipedia.org/wiki/Sherri_Shepherd,0,1175,Success,
Jaleel White,14,2012,Jaleel White,https://en.wikipedia.org/wiki/Jaleel_White,0,1994,Success,
Roshon Fegan,14,2012,Roshon Fegan,https://en.wikipedia.org/wiki/Roshon_Fegan,0,943,Success,
Melissa Gilbert,14,2012,Melissa Gilbert,https://en.wikipedia.org/wiki/Melissa_Gilbert,0,678,Success,
Martina Navratilova,14,2012,Martina Navratilova,https://en.wikipedia.org/wiki/Martina_Navratilova,0,1848,Success,
Donald Driver,14,2012,Donald Driver,https://en.wikipedia.org/wiki/Donald_Driver,0,738,Success,
Gavin DeGraw,14,2012,Gavin DeGraw,https://en.wikipedia.org/wiki/Gavin_DeGraw,0,1362,Success,
Gladys Knight,14,2012,Gladys Knight,https://en.wikipedia.org/wiki/Gladys_Knight,0,1160,Success,
Katherine Jenkins,14,2012,Katherine Jenkins,https://en.wikipedia.org/wiki/Katherine_Jenkins,0,1195,Success,
Maria Menounos,14,2012,Maria Menounos,https://en.wikipedia.org/wiki/Maria_Menounos,0,911,Success,
Gilles Marini,15,2012,Gilles Marini,https://en.wikipedia.org/wiki/Gilles_Marini,0,244,Success,
Sabrina Bryan,15,2012,Sabrina Bryan,https://en.wikipedia.org/wiki/Sabrina_Bryan,0,2048,Success,
Kirstie Alley,15,2012,Kirstie Alley,https://en.wikipedia.org/wiki/Kirstie_Alley,0,1668,Success,
Kelly Monaco,15,2012,Kelly Monaco,https://en.wikipedia.org/wiki/Kelly_Monaco,0,941,Success,
Apolo Anton Ohno,15,2012,Karina Smirnoff,https://en.wikipedia.org/wiki/Karina_Smirnoff,0,974,Success,
Emmitt Smith,15,2012,Emmitt Smith,https://en.wikipedia.org/wiki/Emmitt_Smith,0,2154,Success,
Shawn Johnson,15,2012,Shawn Johnson East,https://en.wikipedia.org/wiki/Shawn_Johnson_East,0,1929,Success,
Pamela Anderson,15,2012,Pamela Anderson,https://en.wikipedia.org/wiki/Pamela_Anderson,0,5720,Success,
Helio Castroneves,15,2012,2002 Indy Racing League,https://en.wikipedia.org/wiki/2002_Indy_Racing_League,0,130,Success,
Joey Fatone,15,2012,Joey Fatone,https://en.wikipedia.org/wiki/Joey_Fatone,0,980,Success,
Drew Lachey,15,2012,Drew Lachey,https://en.wikipedia.org/wiki/Drew_Lachey,0,346,Success,
Bristol Palin,15,2012,Bristol Palin,https://en.wikipedia.org/wiki/Bristol_Palin,0,1514,Success,
Melissa Rycroft,15,2012,Melissa Rycroft,https://en.wikipedia.org/wiki/Melissa_Rycroft,0,554,Success,
Ingo Rademacher,16,2013,Ingo Rademacher,https://en.wikipedia.org/wiki/Ingo_Rademacher,0,241,Success,
Zendaya,16,2013,Zendaya,https://en.wikipedia.org/wiki/Zendaya,0,1757,Success,
Dorothy Hamill,16,2013,Dorothy Hamill,https://en.wikipedia.org/wiki/Dorothy_Hamill,0,391,Success,
Victor Ortiz,16,2013,Victor Ortiz,https://en.wikipedia.org/wiki/Victor_Ortiz,0,993,Success,
Alexandra Raisman,16,2013,Aly_Raisman,https://en.wikipedia.org/wiki/Aly_Raisman,0,837,Success,
Jacoby Jones,16,2013,Jacoby Jones,https://en.wikipedia.org/wiki/Jacoby_Jones,0,457,Success,
D. L. Hughley,16,2013,D. L. Hughley,https://en.wikipedia.org/wiki/D._L._Hughley,0,587,Success,
Andy Dick,16,2013,Andy Dick,https://en.wikipedia.org/wiki/Andy_Dick,0,2355,Success,
Wynonna Judd,16,2013,Wynonna Judd,https://en.wikipedia.org/wiki/Wynonna_Judd,0,743,Success,
Kellie Pickler,16,2013,Kellie Pickler,https://en.wikipedia.org/wiki/Kellie_Pickler,0,3532,Success,
Lisa Vanderpump,16,2013,Lisa Vanderpump,https://en.wikipedia.org/wiki/Lisa_Vanderpump,0,102,Success,
Sean Lowe,16,2013,Sean_Lowe_(television_personality),https://en.wikipedia.org/wiki/Sean_Lowe_(television_personality),0,0,Success,？
Valerie Harper,17,2013,Valerie Harper,https://en.wikipedia.org/wiki/Valerie_Harper,0,581,Success,
Brant Daugherty,17,2013,Brant Daugherty,https://en.wikipedia.org/wiki/Brant_Daugherty,0,199,Success,
Elizabeth Berkley Lauren,17,2013,Elizabeth Berkley,https://en.wikipedia.org/wiki/Elizabeth_Berkley,0,1019,Success,
Leah Remini,17,2013,Leah Remini,https://en.wikipedia.org/wiki/Leah_Remini,0,1459,Success,
Corbin Bleu,17,2013,Corbin Bleu,https://en.wikipedia.org/wiki/Corbin_Bleu,0,5967,Success,
Amber Riley,17,2013,Amber Riley,https://en.wikipedia.org/wiki/Amber_Riley,0,519,Success,
Keyshawn Johnson,17,2013,Keyshawn Johnson,https://en.wikipedia.org/wiki/Keyshawn_Johnson,0,720,Success,
Bill Engvall,17,2013,Bill Engvall,https://en.wikipedia.org/wiki/Bill_Engvall,0,676,Success,
Christina Milian,17,2013,Christina Milian,https://en.wikipedia.org/wiki/Christina_Milian,0,4663,Success,
"Nicole ""Snooki"" Polizzi",17,2013,Snooki,https://en.wikipedia.org/wiki/Snooki,0,1514,Success,
Jack Osbourne,17,2013,Jack Osbourne,https://en.wikipedia.org/wiki/Jack_Osbourne,0,787,Success,
Bill Nye,17,2013,Bill Nye,https://en.wikipedia.org/wiki/Bill_Nye,0,3841,Success,
Billy Dee Williams,18,2014,Billy Dee Williams,https://en.wikipedia.org/wiki/Billy_Dee_Williams,0,1103,Success,
Danica McKellar,18,2014,Danica McKellar,https://en.wikipedia.org/wiki/Danica_McKellar,0,998,Success,
James Maslow,18,2014,James Maslow,https://en.wikipedia.org/wiki/James_Maslow,0,2337,Success,
Candace Cameron Bure,18,2014,Candace Cameron Bure,https://en.wikipedia.org/wiki/Candace_Cameron_Bure,0,1335,Success,
Sean Avery,18,2014,Sean Avery,https://en.wikipedia.org/wiki/Sean_Avery,0,3080,Success,
Diana Nyad,18,2014,Diana Nyad,https://en.wikipedia.org/wiki/Diana_Nyad,0,663,Success,
Charlie White,18,2014,Charlie White (figure skater),https://en.wikipedia.org/wiki/Charlie_White_(figure_skater),0,853,Success,
Amy Purdy,18,2014,Amy Purdy,https://en.wikipedia.org/wiki/Amy_Purdy,0,254,Success,
Meryl Davis,18,2014,Meryl Davis,https://en.wikipedia.org/wiki/Meryl_Davis,0,1020,Success,
Drew Carey,18,2014,Drew Carey,https://en.wikipedia.org/wiki/Drew_Carey,0,2528,Success,
Cody Simpson,18,2014,Cody Simpson,https://en.wikipedia.org/wiki/Cody_Simpson,0,1777,Success,
NeNe Leakes,18,2014,NeNe Leakes,https://en.wikipedia.org/wiki/NeNe_Leakes,0,707,Success,
Antonio Sabato Jr.,19,2014,Virginia Madsen,https://en.wikipedia.org/wiki/Virginia_Madsen,0,739,Success,
Jonathan Bennett,19,2014,Jonathan Bennett (actor),https://en.wikipedia.org/wiki/Jonathan_Bennett_(actor),0,682,Success,
Lea Thompson,19,2014,Lea Thompson,https://en.wikipedia.org/wiki/Lea_Thompson,0,655,Success,
Janel Parrish,19,2014,Janel Parrish,https://en.wikipedia.org/wiki/Janel_Parrish,0,686,Success,
Alfonso Ribeiro,19,2014,Alfonso Ribeiro,https://en.wikipedia.org/wiki/Alfonso_Ribeiro,0,1740,Success,
Lolo Jones,19,2014,Lolo Jones,https://en.wikipedia.org/wiki/Lolo_Jones,0,787,Success,
Randy Couture,19,2014,Randy Couture,https://en.wikipedia.org/wiki/Randy_Couture,0,4245,Success,
Tommy Chong,19,2014,Tommy Chong,https://en.wikipedia.org/wiki/Tommy_Chong,0,1246,Success,
Betsey Johnson,19,2014,Betsey Johnson,https://en.wikipedia.org/wiki/Betsey_Johnson,0,436,Success,
Michael Waltrip,19,2014,Michael Waltrip,https://en.wikipedia.org/wiki/Michael_Waltrip,0,1190,Success,
Tavis Smiley,19,2014,Tavis Smiley,https://en.wikipedia.org/wiki/Tavis_Smiley,0,586,Success,
Bethany Mota,19,2014,Bethany Mota,https://en.wikipedia.org/wiki/Bethany_Mota,0,412,Success,
Sadie Robertson,19,2014,Sadie Robertson,https://en.wikipedia.org/wiki/Sadie_Robertson,0,211,Success,
Suzanne Somers,20,2015,Suzanne Somers,https://en.wikipedia.org/wiki/Suzanne_Somers,235691,904,Success,
Willow Shields,20,2015,Willow Shields,https://en.wikipedia.org/wiki/Willow_Shields,234385,567,Success,
Riker Lynch,20,2015,Riker Lynch,https://en.wikipedia.org/wiki/Riker_Lynch,159374,684,Success,
Rumer Willis,20,2015,Rumer Willis,https://en.wikipedia.org/wiki/Rumer_Willis,439034,877,Success,
Nastia Liukin,20,2015,Nastia Liukin Cup,https://en.wikipedia.org/wiki/Nastia_Liukin_Cup,3461,47,Success,
Michael Sam,20,2015,Michael Sam,https://en.wikipedia.org/wiki/Michael_Sam,317811,611,Success,
Robert Herjavec,20,2015,Robert Herjavec,https://en.wikipedia.org/wiki/Robert_Herjavec,553249,491,Success,
Charlotte McKinney,20,2015,Charlotte McKinney,https://en.wikipedia.org/wiki/Charlotte_McKinney,493035,190,Success,
Noah Galloway,20,2015,Noah Galloway,https://en.wikipedia.org/wiki/Noah_Galloway,94003,166,Success,
Redfoo,20,2015,Redfoo,https://en.wikipedia.org/wiki/Redfoo,436746,978,Success,
Patti LaBelle,20,2015,Patti LaBelle,https://en.wikipedia.org/wiki/Patti_LaBelle,324013,2450,Success,
Chris Soules,20,2015,Chris Soules,https://en.wikipedia.org/wiki/Chris_Soules,99152,65,Success,
Gary Busey,21,2015,Gary Busey,https://en.wikipedia.org/wiki/Gary_Busey,1365004,2819,Success,
Alexa PenaVega,21,2015,Alexa PenaVega,https://en.wikipedia.org/wiki/Alexa_PenaVega,233251,2125,Success,
Carlos PenaVega,21,2015,Carlos PenaVega,https://en.wikipedia.org/wiki/Carlos_PenaVega,97826,1942,Success,
Victor Espinoza,21,2015,Victor Espinoza,https://en.wikipedia.org/wiki/Victor_Espinoza,189012,241,Success,
Alek Skarlatos,21,2015,Alek Skarlatos,https://en.wikipedia.org/wiki/Alek_Skarlatos,520847,150,Success,
Chaka Khan,21,2015,Chaka Khan,https://en.wikipedia.org/wiki/Chaka_Khan,508082,1761,Success,
Andy Grammer,21,2015,Andy Grammer,https://en.wikipedia.org/wiki/Andy_Grammer,775284,802,Success,
Tamar Braxton,21,2015,Tamar Braxton,https://en.wikipedia.org/wiki/Tamar_Braxton,828412,1847,Success,
Nick Carter,21,2015,Nick Carter,https://en.wikipedia.org/wiki/Nick_Carter,25902,3039,Success,
Hayes Grier,21,2015,Hayes Grier,https://en.wikipedia.org/wiki/Hayes_Grier,384198,147,Success,
Bindi Irwin,21,2015,Bindi Irwin,https://en.wikipedia.org/wiki/Bindi_Irwin,1561823,2156,Success,
Kim Zolciak-Biermann,21,2015,Kim Zolciak,https://en.wikipedia.org/wiki/Kim_Zolciak,1242975,1411,Success,
Paula Deen,21,2015,Paula Deen,https://en.wikipedia.org/wiki/Paula_Deen,416444,2128,Success,
Mischa Barton,22,2016,Mischa Barton,https://en.wikipedia.org/wiki/Mischa_Barton,1763736,3309,Success,
Kim Fields,22,2016,Kim Fields,https://en.wikipedia.org/wiki/Kim_Fields,1417823,494,Success,
Jodie Sweetin,22,2016,Jodie Sweetin,https://en.wikipedia.org/wiki/Jodie_Sweetin,4574790,1449,Success,
Doug Flutie,22,2016,Doug Flutie,https://en.wikipedia.org/wiki/Doug_Flutie,1503008,1603,Success,
Von Miller,22,2016,Von Miller,https://en.wikipedia.org/wiki/Von_Miller,2365234,1400,Success,
Antonio Brown,22,2016,Antonio Brown,https://en.wikipedia.org/wiki/Antonio_Brown,1925484,1423,Success,
Paige VanZant,22,2016,Paige VanZant,https://en.wikipedia.org/wiki/Paige_VanZant,2125788,389,Success,
Geraldo Rivera,22,2016,Geraldo Rivera,https://en.wikipedia.org/wiki/Geraldo_Rivera,1252260,2384,Success,
Nyle DiMarco,22,2016,Nyle DiMarco,https://en.wikipedia.org/wiki/Nyle_DiMarco,2029702,471,Success,
Ginger Zee,22,2016,Ginger Zee,https://en.wikipedia.org/wiki/Ginger_Zee,963171,251,Success,
Wanya Morris,22,2016,Wanya Morris,https://en.wikipedia.org/wiki/Wanya_Morris,476173,197,Success,
Marla Maples,22,2016,Marla Maples,https://en.wikipedia.org/wiki/Marla_Maples,9481148,687,Success,
Jake T. Austin,23,2016,Jake T. Austin,https://en.wikipedia.org/wiki/Jake_T._Austin,1670226,4160,Success,
Maureen McCormick,23,2016,Maureen McCormick,https://en.wikipedia.org/wiki/Maureen_McCormick,2122152,1132,Success,
Marilu Henner,23,2016,Marilu Henner,https://en.wikipedia.org/wiki/Marilu_Henner,1156233,666,Success,
Ryan Lochte,23,2016,Ryan Lochte,https://en.wikipedia.org/wiki/Ryan_Lochte,3136723,1979,Success,
Calvin Johnson Jr.,23,2016,Calvin Johnson,https://en.wikipedia.org/wiki/Calvin_Johnson,1986082,3294,Success,
Laurie Hernandez,23,2016,Laurie Hernandez,https://en.wikipedia.org/wiki/Laurie_Hernandez,1590395,357,Success,
Amber Rose,23,2016,Amber Rose,https://en.wikipedia.org/wiki/Amber_Rose,6361156,2165,Success,
Rick Perry,23,2016,Rick Perry,https://en.wikipedia.org/wiki/Rick_Perry,1193544,5363,Success,
James Hinchcliffe,23,2016,James Hinchcliffe,https://en.wikipedia.org/wiki/James_Hinchcliffe,566746,397,Success,
Babyface,23,2016,Babyface (musician),https://en.wikipedia.org/wiki/Babyface_(musician),1060942,1229,Success,
Vanilla Ice,23,2016,Vanilla Ice,https://en.wikipedia.org/wiki/Vanilla_Ice,2008799,3672,Success,
Jana Kramer,23,2016,Jana Kramer,https://en.wikipedia.org/wiki/Jana_Kramer,2165404,966,Success,
Terra Jole,23,2016,Dancing with the Stars (American TV series),https://en.wikipedia.org/wiki/Dancing_with_the_Stars_(American_TV_series),0,9391,Success,
Charo,24,2017,Charo,https://en.wikipedia.org/wiki/Charo,2708486,1295,Success,
Mr. T,24,2017,Mr. T and Tina,https://en.wikipedia.org/wiki/Mr._T_and_Tina,72855,67,Success,
Heather Morris,24,2017,Heather Morris,https://en.wikipedia.org/wiki/Heather_Morris,1155297,1252,Success,
Nancy Kerrigan,24,2017,Nancy Kerrigan,https://en.wikipedia.org/wiki/Nancy_Kerrigan,3398530,999,Success,
Bonner Bolton,24,2017,Bonner Bolton,https://en.wikipedia.org/wiki/Bonner_Bolton,373210,55,Success,
Simone Biles,24,2017,Simone Biles,https://en.wikipedia.org/wiki/Simone_Biles,5994602,1586,Success,
David Ross,24,2017,David Ross (baseball),https://en.wikipedia.org/wiki/David_Ross_(baseball),1854925,834,Success,
Rashad Jennings,24,2017,Rashad Jennings,https://en.wikipedia.org/wiki/Rashad_Jennings,1088475,334,Success,
Chris Kattan,24,2017,Chris Kattan,https://en.wikipedia.org/wiki/Chris_Kattan,1439631,822,Success,
Erika Jayne,24,2017,Erika Jayne,https://en.wikipedia.org/wiki/Erika_Jayne,2804510,593,Success,
Normani,24,2017,Normani,https://en.wikipedia.org/wiki/Normani,2112,481,Success,
Nick Viall,24,2017,Nick Viall,https://en.wikipedia.org/wiki/Nick_Viall,248256,88,Success,
Sasha Pieterse,25,2017,Sasha Pieterse,https://en.wikipedia.org/wiki/Sasha_Pieterse,3013180,1978,Success,
Frankie Muniz,25,2017,Frankie Muniz,https://en.wikipedia.org/wiki/Frankie_Muniz,4019337,4068,Success,
Jordan Fisher,25,2017,Jordan Fisher,https://en.wikipedia.org/wiki/Jordan_Fisher,1606476,279,Success,
Derek Fisher,25,2017,Derek Fisher,https://en.wikipedia.org/wiki/Derek_Fisher,1466528,2438,Success,
Nikki Bella,25,2017,Nikki Bella,https://en.wikipedia.org/wiki/Nikki_Bella,4847406,1259,Success,
Terrell Owens,25,2017,Terrell Owens,https://en.wikipedia.org/wiki/Terrell_Owens,2758639,8398,Success,
Victoria Arlen,25,2017,Victoria Arlen,https://en.wikipedia.org/wiki/Victoria_Arlen,736161,84,Success,
Barbara Corcoran,25,2017,Barbara_Corcoran,https://en.wikipedia.org/wiki/Barbara_Corcoran,2278009,311,Success,
Lindsey Stirling,25,2017,Lindsey Stirling,https://en.wikipedia.org/wiki/Lindsey_Stirling,3208895,2391,Success,
Debbie Gibson,25,2017,Debbie Gibson,https://en.wikipedia.org/wiki/Debbie_Gibson,1700404,2011,Success,
Nick Lachey,25,2017,Nick Lachey,https://en.wikipedia.org/wiki/Nick_Lachey,2258892,2704,Success,
Drew Scott,25,2017,Drew Scott,https://en.wikipedia.org/wiki/Drew_Scott,1495065,569,Success,
Vanessa Lachey,25,2017,Vanessa Lachey,https://en.wikipedia.org/wiki/Vanessa_Lachey,1636204,1656,Success,
Jamie Anderson,26,2018,Jamie Anderson (snowboarder),https://en.wikipedia.org/wiki/Jamie_Anderson_(snowboarder),416929,266,Success,
Johnny Damon,26,2018,Johnny Damon,https://en.wikipedia.org/wiki/Johnny_Damon,1045001,3394,Success,
Kareem Abdul-Jabbar,26,2018,Kareem Abdul-Jabbar,https://en.wikipedia.org/wiki/Kareem_Abdul-Jabbar,9663765,4050,Success,
Arike Ogunbowale,26,2018,Arike Ogunbowale,https://en.wikipedia.org/wiki/Arike_Ogunbowale,51692,35,Success,
Jennie Finch Daigle,26,2018,Jennie Finch,https://en.wikipedia.org/wiki/Jennie_Finch,891822,1619,Success,
Chris Mazdzer,26,2018,Chris Mazdzer,https://en.wikipedia.org/wiki/Chris_Mazdzer,204332,96,Success,
Mirai Nagasu,26,2018,Mirai Nagasu,https://en.wikipedia.org/wiki/Mirai_Nagasu,987172,1664,Success,
Tonya Harding,26,2018,Tonya Harding,https://en.wikipedia.org/wiki/Tonya_Harding,16007499,3720,Success,
Josh Norman,26,2018,Josh Norman,https://en.wikipedia.org/wiki/Josh_Norman,462546,1073,Success,
Adam Rippon,26,2018,Adam Rippon,https://en.wikipedia.org/wiki/Adam_Rippon,1565722,1018,Success,
Juan Pablo Di Pace,27,2018,Juan Pablo Di Pace,https://en.wikipedia.org/wiki/Juan_Pablo_Di_Pace,1311303,289,Success,
Evanna Lynch,27,2018,Evanna Lynch,https://en.wikipedia.org/wiki/Evanna_Lynch,3493789,2569,Success,
Nancy McKeon,27,2018,Nancy McKeon,https://en.wikipedia.org/wiki/Nancy_McKeon,2498437,520,Success,
John Schneider,27,2018,John Schneider (screen actor),https://en.wikipedia.org/wiki/John_Schneider_(screen_actor),2181678,1108,Success,
Milo Manheim,27,2018,Milo Manheim,https://en.wikipedia.org/wiki/Milo_Manheim,929796,246,Success,
Danelle Umstead,27,2018,Danelle Umstead,https://en.wikipedia.org/wiki/Danelle_Umstead,196417,29,Success,
Mary Lou Retton,27,2018,Mary Lou Retton,https://en.wikipedia.org/wiki/Mary_Lou_Retton,1723232,856,Success,
DeMarcus Ware,27,2018,DeMarcus Ware,https://en.wikipedia.org/wiki/DeMarcus_Ware,1546144,1582,Success,
Nikki Glaser,27,2018,Nikki Glaser,https://en.wikipedia.org/wiki/Nikki_Glaser,1740447,352,Success,
Bobby Bones,27,2018,Bobby Bones,https://en.wikipedia.org/wiki/Bobby_Bones,1077734,382,Success,
Tinashe,27,2018,Tinashe,https://en.wikipedia.org/wiki/Tinashe,3741093,2642,Success,
Alexis Ren,27,2018,Alexis Ren,https://en.wikipedia.org/wiki/Alexis_Ren,1450770,311,Success,
Joe Amabile,27,2018,Joe Amabile,https://en.wikipedia.org/wiki/Joe_Amabile,44569,4,Success,？
Kate Flannery,28,2019,Kate Flannery,https://en.wikipedia.org/wiki/Kate_Flannery,1610525,355,Success,
James Van Der Beek,28,2019,James Van Der Beek,https://en.wikipedia.org/wiki/James_Van_Der_Beek,4048356,1340,Success,
Kel Mitchell,28,2019,Kel Mitchell,https://en.wikipedia.org/wiki/Kel_Mitchell,3368982,3383,Success,
Ray Lewis,28,2019,Ray Lewis,https://en.wikipedia.org/wiki/Ray_Lewis,4501813,3341,Success,
Lamar Odom,28,2019,Lamar Odom,https://en.wikipedia.org/wiki/Lamar_Odom,7698662,2278,Success,
Sailor Brinkley-Cook,28,2019,Dancing with the Stars (American TV series),https://en.wikipedia.org/wiki/Dancing_with_the_Stars_(American_TV_series),777776,11512,Success,
Sean Spicer,28,2019,Sean Spicer,https://en.wikipedia.org/wiki/Sean_Spicer,6040841,1198,Success,
Mary Wilson,28,2019,Mary Wilson (singer),https://en.wikipedia.org/wiki/Mary_Wilson_(singer),1189680,953,Success,
Lauren Alaina,28,2019,Lauren Alaina,https://en.wikipedia.org/wiki/Lauren_Alaina,2069451,2524,Success,
Ally Brooke,28,2019,Ally Brooke,https://en.wikipedia.org/wiki/Ally_Brooke,1556690,857,Success,
Karamo Brown,28,2019,Karamo Brown,https://en.wikipedia.org/wiki/Karamo_Brown,3344522,220,Success,
Hannah Brown,28,2019,Hannah Brown,https://en.wikipedia.org/wiki/Hannah_Brown,892652,155,Success,
Anne Heche,29,2020,Anne Heche,https://en.wikipedia.org/wiki/Anne_Heche,8002928,1529,Success,
Jesse Metcalfe,29,2020,Jesse Metcalfe,https://en.wikipedia.org/wiki/Jesse_Metcalfe,4723656,1557,Success,
Chrishell Stause,29,2020,Chrishell Stause,https://en.wikipedia.org/wiki/Chrishell_Stause,6090442,397,Success,
Skai Jackson,29,2020,Jessie (2011 TV series),https://en.wikipedia.org/wiki/Jessie_(2011_TV_series),2271809,4829,Success,
Justina Machado,29,2020,Justina Machado,https://en.wikipedia.org/wiki/Justina_Machado,2713720,479,Success,
Charles Oakley,29,2020,Charles Oakley,https://en.wikipedia.org/wiki/Charles_Oakley,2270092,643,Success,
Veron Davis,29,2020,The Road from Home,https://en.wikipedia.org/wiki/The_Road_from_Home,19526,51,Success,
Johnny Weir,29,2020,Johnny Weir,https://en.wikipedia.org/wiki/Johnny_Weir,4182347,2376,Success,
Nev Schulman,29,2020,Nev Schulman,https://en.wikipedia.org/wiki/Nev_Schulman,3642965,487,Success,
AJ McLean,29,2020,AJ McLean,https://en.wikipedia.org/wiki/AJ_McLean,2670583,1571,Success,
Nelly,29,2020,Nelly,https://en.wikipedia.org/wiki/Nelly,5993633,5763,Success,
Kaitlyn Bristowe,29,2020,Kaitlyn Bristowe,https://en.wikipedia.org/wiki/Kaitlyn_Bristowe,1993083,250,Success,
Carole Baskin,29,2020,Carole Baskin,https://en.wikipedia.org/wiki/Carole_Baskin,8957891,429,Success,
Monica Aldama,29,2020,Monica Aldama,https://en.wikipedia.org/wiki/Monica_Aldama,410498,57,Success,
Jeannie Mai,29,2020,Jeannie Mai,https://en.wikipedia.org/wiki/Jeannie_Mai,4026474,791,Success,
Martin Kove,30,2021,Martin Kove,https://en.wikipedia.org/wiki/Martin_Kove,3898573,667,Success,
Brian Austin Green,30,2021,Brian Austin Green,https://en.wikipedia.org/wiki/Brian_Austin_Green,11027744,2390,Success,
Melora Hardin,30,2021,Melora Hardin,https://en.wikipedia.org/wiki/Melora_Hardin,6095124,619,Success,
Matt James,30,2021,Matt James (television personality),https://en.wikipedia.org/wiki/Matt_James_(television_personality),681146,117,Success,
"Mike ""The Miz"" Mizanin",30,2021,The Miz,https://en.wikipedia.org/wiki/The_Miz,8605558,13433,Success,
Suni Lee,30,2021,Sunisa_Lee,https://en.wikipedia.org/wiki/Sunisa_Lee,2456822,508,Success,
Iman Shumpert,30,2021,Iman Shumpert,https://en.wikipedia.org/wiki/Iman_Shumpert,5162844,1602,Success,
Cody Rigsby,30,2021,Cody (given name),https://en.wikipedia.org/wiki/Cody_(given_name),103415,141,Success,
Melanie C,30,2021,Melanie C,https://en.wikipedia.org/wiki/Melanie_C,6266965,5408,Success,
Jimmie Allen,30,2021,Jimmie Allen,https://en.wikipedia.org/wiki/Jimmie_Allen,1108567,376,Success,
Olivia Jade,30,2021,Olivia_Jade,https://en.wikipedia.org/wiki/Olivia_Jade,2139709,594,"Error: HTTPSConnectionPool(host='en.wikipedia.org', port=443): Max retries exceeded with url: /w/api.php?list=search&srprop=&srlimit=5&limit=5&srsearch=Olivia+Jade&format=json&action=query (Caused by ProxyError('Unable to connect to proxy', RemoteDisconnected('Remote end closed connection without response')))",
JoJo Siwa,30,2021,JoJo_Siwa,https://en.wikipedia.org/wiki/JoJo_Siwa,15338110,1196,Success,
Christine Chiu,30,2021,Dancing_with_the_Stars_(American_TV_series)_season_30,https://en.wikipedia.org/wiki/Dancing_with_the_Stars_(American_TV_series)_season_30,0,0,Success,none
Kenya Moore,30,2021,Kenya Moore,https://en.wikipedia.org/wiki/Kenya_Moore,2869046,1204,Success,
Amanda Kloots,30,2021,Amanda Kloots,https://en.wikipedia.org/wiki/Amanda_Kloots,1033270,174,Success,
Jason Lewis,31,2022,Jason Lewis (actor),https://en.wikipedia.org/wiki/Jason_Lewis_(actor),2379688,548,Success,
Cheryl Ladd,31,2022,Cheryl Ladd,https://en.wikipedia.org/wiki/Cheryl_Ladd,4932045,799,Success,
Selma Blair,31,2022,Selma Blair,https://en.wikipedia.org/wiki/Selma_Blair,13279078,1826,Success,
Joseph Baena,31,2022,Joseph Baena,https://en.wikipedia.org/wiki/Joseph_Baena,502227,126,Success,
Trevor Donovan,31,2022,Trevor Donovan,https://en.wikipedia.org/wiki/Trevor_Donovan,2173739,572,Success,
Daniel Durant,31,2022,Daniel Durant,https://en.wikipedia.org/wiki/Daniel_Durant,919123,88,Success,
Wayne Brady,31,2022,Wayne Brady,https://en.wikipedia.org/wiki/Wayne_Brady,7827855,2359,Success,
Sam Champion,31,2022,Sam Champion,https://en.wikipedia.org/wiki/Sam_Champion,1228832,645,Success,
Jessie James Decker,31,2022,Jessie James Decker,https://en.wikipedia.org/wiki/Jessie_James_Decker,4523747,1821,Success,
Jordin Sparks,31,2022,Jordin Sparks,https://en.wikipedia.org/wiki/Jordin_Sparks,5610024,7947,Success,
Heidi D'Amelio,31,2022,Dancing with the Stars (American TV series),https://en.wikipedia.org/wiki/Dancing_with_the_Stars_(American_TV_series),2219664,10253,Success,
Charli D'Amelio,31,2022,Charli D'Amelio,https://en.wikipedia.org/wiki/Charli_D%27Amelio,11941670,1251,Success,
Teresa Giudice,31,2022,Teresa Giudice,https://en.wikipedia.org/wiki/Teresa_Giudice,4260795,819,Success,
Vinny Guadagnino,31,2022,Vinny Guadagnino,https://en.wikipedia.org/wiki/Vinny_Guadagnino,3326054,550,Success,
Shangela,31,2022,Shangela,https://en.wikipedia.org/wiki/Shangela,1163000,868,Success,
Gabby Windey,31,2022,Gabby Windey,https://en.wikipedia.org/wiki/Gabby_Windey,383604,66,Success,
Jamie Lynn Spears,32,2023,Jamie Lynn Spears,https://en.wikipedia.org/wiki/Jamie_Lynn_Spears,14571058,8415,Success,
Mira Sorvino,32,2023,Mira Sorvino,https://en.wikipedia.org/wiki/Mira_Sorvino,11332499,1137,Success,
Barry Williams,32,2023,Barry Williams (actor),https://en.wikipedia.org/wiki/Barry_Williams_(actor),4215517,622,Success,
Alyson Hannigan,32,2023,Alyson Hannigan,https://en.wikipedia.org/wiki/Alyson_Hannigan,13829764,2353,Success,
Xochitl Gomez,32,2023,Xochitl Gomez,https://en.wikipedia.org/wiki/Xochitl_Gomez,4684354,594,Success,
Adrian Peterson,32,2023,Adrian Peterson,https://en.wikipedia.org/wiki/Adrian_Peterson,9626656,7910,Success,
Matt Walsh,32,2023,Matt Walsh (political commentator),https://en.wikipedia.org/wiki/Matt_Walsh_(political_commentator),2941830,2534,Success,
Tyson Beckford,32,2023,Tyson Beckford,https://en.wikipedia.org/wiki/Tyson_Beckford,2708126,1237,Success,
Jason Mraz,32,2023,Jason Mraz,https://en.wikipedia.org/wiki/Jason_Mraz,3356729,4349,Success,
Lele Pons,32,2023,Lele Pons,https://en.wikipedia.org/wiki/Lele_Pons,7017184,3277,Success,
Harry Jowsey,32,2023,Harry Jowsey,https://en.wikipedia.org/wiki/Harry_Jowsey,87252,2,Success,
Mauricio Umansky,32,2023,Mauricio Umansky,https://en.wikipedia.org/wiki/Mauricio_Umansky,607072,31,Success,
Charity Lawson,32,2023,Joey Graziadei,https://en.wikipedia.org/wiki/Joey_Graziadei,35960,19,Success,
Ariana Madix,32,2023,Ariana Madix,https://en.wikipedia.org/wiki/Ariana_Madix,1411390,341,Success,
Tori Spelling,33,2024,Tori Spelling,https://en.wikipedia.org/wiki/Tori_Spelling,9335859,2280,Success,
Eric Roberts,33,2024,Eric Roberts,https://en.wikipedia.org/wiki/Eric_Roberts,16694612,1849,Success,
Reginald VelJohnson,33,2024,Reginald VelJohnson,https://en.wikipedia.org/wiki/Reginald_VelJohnson,5513659,1472,Success,
Chandler Kinney,33,2024,Chandler Kinney,https://en.wikipedia.org/wiki/Chandler_Kinney,0,62,Success,
Dwight Howard ,33,2024,Dwight Howard,https://en.wikipedia.org/wiki/Dwight_Howard,15773500,4565,Success,
Danny Amendola,33,2024,Danny Amendola,https://en.wikipedia.org/wiki/Danny_Amendola,6931269,1824,Success,
Stephen Nedoroscik,33,2024,Stephen Nedoroscik,https://en.wikipedia.org/wiki/Stephen_Nedoroscik,1362723,368,Success,
Ilona Maher,33,2024,Ilona Maher,https://en.wikipedia.org/wiki/Ilona_Maher,2855783,217,Success,
Anna Delvey,33,2024,Anna Delvey,https://en.wikipedia.org/wiki/Anna_Delvey,2047323,1551,Success,
Brooks Nader,33,2024,Brooks Nader,https://en.wikipedia.org/wiki/Brooks_Nader,726152,83,Success,
Phaedra Parks,33,2024,Phaedra Parks,https://en.wikipedia.org/wiki/Phaedra_Parks,1239419,225,Success,
Jenn Tran,33,2024,Jenn Tran,https://en.wikipedia.org/wiki/Jenn_Tran,503683,45,Success,
Joey Graziadei,33,2024,Joey Graziadei,https://en.wikipedia.org/wiki/Joey_Graziadei,996713,99,Success,
Corey Feldman,34,2025,Corey Feldman,https://en.wikipedia.org/wiki/Corey_Feldman,20796521,3402,Success,
Danielle Fishel,34,2025,Danielle Fishel,https://en.wikipedia.org/wiki/Danielle_Fishel,8968026,1952,Success,
Elaine Hendrix,34,2025,Elaine Hendrix,https://en.wikipedia.org/wiki/Elaine_Hendrix,4863926,602,Success,
Baron Davis,34,2025,Baron Davis,https://en.wikipedia.org/wiki/Baron_Davis,3439142,2696,Success,
Jordan Chiles,34,2025,Jordan Chiles,https://en.wikipedia.org/wiki/Jordan_Chiles,3014532,681,Success,
Andy Richter,34,2025,Andy Richter,https://en.wikipedia.org/wiki/Andy_Richter,4659901,1188,Success,
Robert Irwin,34,2025,Robert Irwin (conservationist),https://en.wikipedia.org/wiki/Robert_Irwin_(conservationist),665623,939,Success,
Hilaria Baldwin,34,2025,Hilaria Baldwin,https://en.wikipedia.org/wiki/Hilaria_Baldwin,9481777,991,Success,
Lauren Jauregui,34,2025,Lauren Jauregui,https://en.wikipedia.org/wiki/Lauren_Jauregui,5220654,2069,Success,
Scott Hoying,34,2025,Scott Hoying,https://en.wikipedia.org/wiki/Scott_Hoying,1941034,353,Success,
Alix Earle,34,2025,Alix Earle,https://en.wikipedia.org/wiki/Alix_Earle,4371756,325,Success,
Jen Affleck,34,2025,Jan Ravnik,https://en.wikipedia.org/wiki/Jan_Ravnik,77361,29,Success,
Whitney Leavitt,34,2025,Whitney Leavitt,https://en.wikipedia.org/wiki/Whitney_Leavitt,128658,35,Success,
Dylan Efron,34,2025,Dylan Efron,https://en.wikipedia.org/wiki/Dylan_Efron,1414174,84,Success,