season,index,celebrity_name,week,ADCI
1,0,John O'Hurley,1,0.0
1,1,Kelly Monaco,1,79.58496530628022
1,2,Evander Holyfield,1,0.0
1,3,Rachel Hunter,1,0.0
1,4,Joey McIntyre,1,0.0
1,5,Trista Sutter,1,0.0
1,0,John O'Hurley,2,0.0
1,1,Kelly Monaco,2,0.0
1,2,Evander Holyfield,2,0.0
1,3,Rachel Hunter,2,0.0
1,4,Joey McIntyre,2,0.0
1,5,Trista Sutter,2,0.0
1,0,John O'Hurley,3,0.0
1,1,Kelly Monaco,3,0.0
1,2,Evander Holyfield,3,86.40511493732706
1,3,Rachel Hunter,3,0.0
1,4,Joey McIntyre,3,0.0
1,0,John O'Hurley,4,0.0
1,1,Kelly Monaco,4,0.0
1,3,Rachel Hunter,4,0.0
1,4,Joey McIntyre,4,0.0
1,0,John O'Hurley,5,0.0
1,1,Kelly Monaco,5,0.0
1,4,Joey McIntyre,5,100.0
1,0,John O'Hurley,6,92.0484122847817
1,1,Kelly Monaco,6,0.0
2,6,Tatum O'Neal,1,0.0
2,7,Tia Carrere,1,0.0
2,8,George Hamilton,1,0.0
2,9,Lisa Rinna,1,0.0
2,10,Stacy Keibler,1,0.0
2,11,Jerry Rice,1,0.0
2,12,Giselle Fernandez,1,0.0
2,13,Master P,1,76.47604132699549
2,14,Drew Lachey,1,0.0
2,15,Kenny Mayne,1,0.0
2,6,Tatum O'Neal,2,0.0
2,7,Tia Carrere,2,0.0
2,8,George Hamilton,2,0.0
2,9,Lisa Rinna,2,0.0
2,10,Stacy Keibler,2,0.0
2,11,Jerry Rice,2,0.0
2,12,Giselle Fernandez,2,0.0
2,13,Master P,2,78.04533480638732
2,14,Drew Lachey,2,0.0
2,7,Tia Carrere,3,0.0
2,8,George Hamilton,3,0.0
2,9,Lisa Rinna,3,0.0
2,10,Stacy Keibler,3,0.0
2,11,Jerry Rice,3,0.0
2,12,Giselle Fernandez,3,0.0
2,13,Master P,3,76.54841070667126
2,14,Drew Lachey,3,0.0
2,7,Tia Carrere,4,0.0
2,8,George Hamilton,4,0.0
2,9,Lisa Rinna,4,0.0
2,10,Stacy Keibler,4,0.0
2,11,Jerry Rice,4,0.0
2,13,Master P,4,0.0
2,14,Drew Lachey,4,0.0
2,7,Tia Carrere,5,0.0
2,8,George Hamilton,5,0.0
2,9,Lisa Rinna,5,0.0
2,10,Stacy Keibler,5,0.0
2,11,Jerry Rice,5,0.0
2,14,Drew Lachey,5,0.0
2,8,George Hamilton,6,0.0
2,9,Lisa Rinna,6,0.0
2,10,Stacy Keibler,6,0.0
2,11,Jerry Rice,6,79.76514634438095
2,14,Drew Lachey,6,0.0
2,9,Lisa Rinna,7,0.0
2,10,Stacy Keibler,7,0.0
2,11,Jerry Rice,7,80.18360124514254
2,14,Drew Lachey,7,0.0
2,10,Stacy Keibler,8,0.0
2,11,Jerry Rice,8,81.01425159113144
2,14,Drew Lachey,8,0.0
3,16,Harry Hamlin,1,0.0
3,17,Vivica A. Fox,1,0.0
3,18,Monique Coleman,1,0.0
3,19,Joey Lawrence,1,0.0
3,20,Mario Lopez,1,0.0
3,21,Emmitt Smith,1,0.0
3,22,Shanna Moakler,1,0.0
3,23,Willa Ford,1,0.0
3,24,Sara Evans,1,0.0
3,25,Jerry Springer,1,0.0
3,26,Tucker Carlson,1,0.0
3,16,Harry Hamlin,2,0.0
3,17,Vivica A. Fox,2,0.0
3,18,Monique Coleman,2,0.0
3,19,Joey Lawrence,2,0.0
3,20,Mario Lopez,2,0.0
3,21,Emmitt Smith,2,0.0
3,22,Shanna Moakler,2,0.0
3,23,Willa Ford,2,0.0
3,24,Sara Evans,2,0.0
3,25,Jerry Springer,2,77.76290882012464
3,16,Harry Hamlin,3,0.0
3,17,Vivica A. Fox,3,0.0
3,18,Monique Coleman,3,0.0
3,19,Joey Lawrence,3,0.0
3,20,Mario Lopez,3,0.0
3,21,Emmitt Smith,3,80.72516060107857
3,23,Willa Ford,3,0.0
3,24,Sara Evans,3,0.0
3,25,Jerry Springer,3,0.0
3,17,Vivica A. Fox,4,0.0
3,18,Monique Coleman,4,0.0
3,19,Joey Lawrence,4,0.0
3,20,Mario Lopez,4,0.0
3,21,Emmitt Smith,4,0.0
3,23,Willa Ford,4,0.0
3,24,Sara Evans,4,76.60298090473123
3,25,Jerry Springer,4,0.0
3,18,Monique Coleman,5,0.0
3,19,Joey Lawrence,5,0.0
3,20,Mario Lopez,5,0.0
3,21,Emmitt Smith,5,0.0
3,23,Willa Ford,5,0.0
3,24,Sara Evans,5,81.69284041533268
3,25,Jerry Springer,5,79.57169037171234
3,18,Monique Coleman,6,0.0
3,19,Joey Lawrence,6,0.0
3,20,Mario Lopez,6,0.0
3,21,Emmitt Smith,6,0.0
3,25,Jerry Springer,6,86.15218651992369
3,18,Monique Coleman,7,0.0
3,19,Joey Lawrence,7,0.0
3,20,Mario Lopez,7,0.0
3,21,Emmitt Smith,7,0.0
3,25,Jerry Springer,7,0.0
3,18,Monique Coleman,8,0.0
3,19,Joey Lawrence,8,0.0
3,20,Mario Lopez,8,0.0
3,21,Emmitt Smith,8,0.0
3,19,Joey Lawrence,9,0.0
3,20,Mario Lopez,9,86.306452236471
3,21,Emmitt Smith,9,76.88478867169346
3,20,Mario Lopez,10,0.0
3,21,Emmitt Smith,10,83.7419476210224
4,27,John Ratzenberger,1,0.0
4,28,Ian Ziering,1,0.0
4,29,Clyde Drexler,1,0.0
4,30,Laila Ali,1,0.0
4,31,Apolo Anton Ohno,1,0.0
4,32,Shandi Finnessey,1,0.0
4,33,Paulina Porizkova,1,0.0
4,34,Heather Mills,1,0.0
4,35,Billy Ray Cyrus,1,84.37620721474558
4,36,Joey Fatone,1,0.0
4,37,Leeza Gibbons,1,0.0
4,27,John Ratzenberger,2,0.0
4,28,Ian Ziering,2,0.0
4,29,Clyde Drexler,2,78.31363937829259
4,30,Laila Ali,2,0.0
4,31,Apolo Anton Ohno,2,0.0
4,32,Shandi Finnessey,2,0.0
4,33,Paulina Porizkova,2,0.0
4,34,Heather Mills,2,0.0
4,35,Billy Ray Cyrus,2,0.0
4,36,Joey Fatone,2,0.0
4,37,Leeza Gibbons,2,0.0
4,27,John Ratzenberger,3,0.0
4,28,Ian Ziering,3,0.0
4,29,Clyde Drexler,3,79.12677489438106
4,30,Laila Ali,3,0.0
4,31,Apolo Anton Ohno,3,0.0
4,32,Shandi Finnessey,3,0.0
4,34,Heather Mills,3,0.0
4,35,Billy Ray Cyrus,3,0.0
4,36,Joey Fatone,3,0.0
4,37,Leeza Gibbons,3,0.0
4,27,John Ratzenberger,4,0.0
4,28,Ian Ziering,4,0.0
4,29,Clyde Drexler,4,0.0
4,30,Laila Ali,4,0.0
4,31,Apolo Anton Ohno,4,0.0
4,34,Heather Mills,4,0.0
4,35,Billy Ray Cyrus,4,0.0
4,36,Joey Fatone,4,0.0
4,37,Leeza Gibbons,4,0.0
4,27,John Ratzenberger,5,0.0
4,28,Ian Ziering,5,0.0
4,29,Clyde Drexler,5,79.60518433325613
4,30,Laila Ali,5,0.0
4,31,Apolo Anton Ohno,5,0.0
4,34,Heather Mills,5,0.0
4,35,Billy Ray Cyrus,5,0.0
4,36,Joey Fatone,5,0.0
4,27,John Ratzenberger,6,0.0
4,28,Ian Ziering,6,0.0
4,30,Laila Ali,6,0.0
4,31,Apolo Anton Ohno,6,0.0
4,34,Heather Mills,6,0.0
4,35,Billy Ray Cyrus,6,0.0
4,36,Joey Fatone,6,0.0
4,27,John Ratzenberger,7,0.0
4,28,Ian Ziering,7,0.0
4,30,Laila Ali,7,0.0
4,31,Apolo Anton Ohno,7,0.0
4,35,Billy Ray Cyrus,7,0.0
4,36,Joey Fatone,7,0.0
4,28,Ian Ziering,8,0.0
4,30,Laila Ali,8,0.0
4,31,Apolo Anton Ohno,8,0.0
4,35,Billy Ray Cyrus,8,80.38966710010763
4,36,Joey Fatone,8,0.0
4,28,Ian Ziering,9,91.37864145754261
4,30,Laila Ali,9,0.0
4,31,Apolo Anton Ohno,9,0.0
4,36,Joey Fatone,9,0.0
4,30,Laila Ali,10,88.47531452356966
4,31,Apolo Anton Ohno,10,0.0
4,36,Joey Fatone,10,0.0
5,38,Cameron Mathison,1,0.0
5,39,Jane Seymour,1,0.0
5,40,Sabrina Bryan,1,0.0
5,41,Jennie Garth,1,0.0
5,42,Floyd Mayweather Jr. ,1,0.0
5,43,Josie Maran,1,0.0
5,44,Albert Reed,1,0.0
5,45,Helio Castroneves,1,0.0
5,46,Mel B,1,0.0
5,47,Wayne Newton,1,0.0
5,48,Marie Osmond,1,0.0
5,49,Mark Cuban,1,0.0
5,38,Cameron Mathison,2,0.0
5,39,Jane Seymour,2,0.0
5,40,Sabrina Bryan,2,0.0
5,41,Jennie Garth,2,0.0
5,42,Floyd Mayweather Jr. ,2,0.0
5,44,Albert Reed,2,0.0
5,45,Helio Castroneves,2,0.0
5,46,Mel B,2,0.0
5,47,Wayne Newton,2,78.66899187360772
5,48,Marie Osmond,2,0.0
5,49,Mark Cuban,2,0.0
5,38,Cameron Mathison,3,0.0
5,39,Jane Seymour,3,0.0
5,40,Sabrina Bryan,3,0.0
5,41,Jennie Garth,3,0.0
5,42,Floyd Mayweather Jr. ,3,0.0
5,45,Helio Castroneves,3,0.0
5,46,Mel B,3,0.0
5,47,Wayne Newton,3,0.0
5,48,Marie Osmond,3,0.0
5,49,Mark Cuban,3,0.0
5,38,Cameron Mathison,4,0.0
5,39,Jane Seymour,4,0.0
5,40,Sabrina Bryan,4,0.0
5,41,Jennie Garth,4,0.0
5,42,Floyd Mayweather Jr. ,4,0.0
5,45,Helio Castroneves,4,0.0
5,46,Mel B,4,0.0
5,48,Marie Osmond,4,0.0
5,49,Mark Cuban,4,76.53381793424056
5,38,Cameron Mathison,5,0.0
5,39,Jane Seymour,5,0.0
5,40,Sabrina Bryan,5,0.0
5,41,Jennie Garth,5,0.0
5,45,Helio Castroneves,5,0.0
5,46,Mel B,5,0.0
5,48,Marie Osmond,5,77.65251909708303
5,49,Mark Cuban,5,0.0
5,38,Cameron Mathison,6,0.0
5,39,Jane Seymour,6,84.62499500769312
5,40,Sabrina Bryan,6,0.0
5,41,Jennie Garth,6,0.0
5,45,Helio Castroneves,6,0.0
5,46,Mel B,6,0.0
5,48,Marie Osmond,6,0.0
5,38,Cameron Mathison,7,0.0
5,39,Jane Seymour,7,0.0
5,41,Jennie Garth,7,0.0
5,45,Helio Castroneves,7,0.0
5,46,Mel B,7,0.0
5,48,Marie Osmond,7,0.0
5,38,Cameron Mathison,8,0.0
5,41,Jennie Garth,8,0.0
5,45,Helio Castroneves,8,0.0
5,46,Mel B,8,0.0
5,48,Marie Osmond,8,79.47401470434234
5,41,Jennie Garth,9,0.0
5,45,Helio Castroneves,9,0.0
5,46,Mel B,9,0.0
5,48,Marie Osmond,9,76.43657465378301
5,45,Helio Castroneves,10,0.0
5,46,Mel B,10,0.0
5,48,Marie Osmond,10,0.0
6,50,Cristian de la Fuente,1,0.0
6,51,Steve Guttenberg,1,0.0
6,52,Priscilla Presley,1,0.0
6,53,Marlee Matlin,1,0.0
6,54,Shannon Elizabeth,1,0.0
6,55,Marissa Jaret Winokur,1,0.0
6,56,Jason Taylor,1,0.0
6,57,Kristi Yamaguchi,1,0.0
6,58,Monica Seles,1,80.10211364761182
6,59,Penn Jillette,1,0.0
6,60,Adam Carolla,1,77.73780064999974
6,61,Mario,1,0.0
6,50,Cristian de la Fuente,2,0.0
6,51,Steve Guttenberg,2,0.0
6,52,Priscilla Presley,2,0.0
6,53,Marlee Matlin,2,0.0
6,54,Shannon Elizabeth,2,0.0
6,55,Marissa Jaret Winokur,2,0.0
6,56,Jason Taylor,2,0.0
6,57,Kristi Yamaguchi,2,0.0
6,58,Monica Seles,2,0.0
6,59,Penn Jillette,2,0.0
6,60,Adam Carolla,2,0.0
6,61,Mario,2,0.0
6,50,Cristian de la Fuente,3,0.0
6,51,Steve Guttenberg,3,0.0
6,52,Priscilla Presley,3,0.0
6,53,Marlee Matlin,3,0.0
6,54,Shannon Elizabeth,3,0.0
6,55,Marissa Jaret Winokur,3,78.6985958324112
6,56,Jason Taylor,3,0.0
6,57,Kristi Yamaguchi,3,0.0
6,60,Adam Carolla,3,0.0
6,61,Mario,3,0.0
6,50,Cristian de la Fuente,4,0.0
6,52,Priscilla Presley,4,0.0
6,53,Marlee Matlin,4,0.0
6,54,Shannon Elizabeth,4,0.0
6,55,Marissa Jaret Winokur,4,0.0
6,56,Jason Taylor,4,0.0
6,57,Kristi Yamaguchi,4,0.0
6,60,Adam Carolla,4,0.0
6,61,Mario,4,0.0
6,50,Cristian de la Fuente,5,0.0
6,52,Priscilla Presley,5,0.0
6,53,Marlee Matlin,5,0.0
6,54,Shannon Elizabeth,5,0.0
6,55,Marissa Jaret Winokur,5,0.0
6,56,Jason Taylor,5,0.0
6,57,Kristi Yamaguchi,5,0.0
6,61,Mario,5,0.0
6,50,Cristian de la Fuente,6,0.0
6,53,Marlee Matlin,6,0.0
6,54,Shannon Elizabeth,6,0.0
6,55,Marissa Jaret Winokur,6,0.0
6,56,Jason Taylor,6,0.0
6,57,Kristi Yamaguchi,6,0.0
6,61,Mario,6,0.0
6,50,Cristian de la Fuente,7,78.75187907360646
6,54,Shannon Elizabeth,7,0.0
6,55,Marissa Jaret Winokur,7,0.0
6,56,Jason Taylor,7,0.0
6,57,Kristi Yamaguchi,7,0.0
6,61,Mario,7,0.0
6,50,Cristian de la Fuente,8,0.0
6,55,Marissa Jaret Winokur,8,79.61754711014221
6,56,Jason Taylor,8,0.0
6,57,Kristi Yamaguchi,8,0.0
6,61,Mario,8,0.0
6,50,Cristian de la Fuente,9,0.0
6,55,Marissa Jaret Winokur,9,0.0
6,56,Jason Taylor,9,0.0
6,57,Kristi Yamaguchi,9,0.0
6,50,Cristian de la Fuente,10,0.0
6,56,Jason Taylor,10,0.0
6,57,Kristi Yamaguchi,10,0.0
7,62,Ted McGinley,1,0.0
7,63,Cloris Leachman,1,0.0
7,64,Susan Lucci,1,0.0
7,65,Cody Linley,1,0.0
7,66,Misty May-Treanor,1,0.0
7,67,Maurice Greene,1,0.0
7,68,Warren Sapp,1,0.0
7,69,Jeffrey Ross,1,0.0
7,70,Toni Braxton,1,0.0
7,71,Lance Bass,1,0.0
7,72,Kim Kardashian,1,0.0
7,73,Rocco DiSpirito,1,0.0
7,74,Brooke Burke,1,0.0
7,63,Cloris Leachman,2,77.80006667630703
7,64,Susan Lucci,2,0.0
7,65,Cody Linley,2,0.0
7,66,Misty May-Treanor,2,0.0
7,67,Maurice Greene,2,0.0
7,68,Warren Sapp,2,0.0
7,70,Toni Braxton,2,0.0
7,71,Lance Bass,2,0.0
7,72,Kim Kardashian,2,0.0
7,73,Rocco DiSpirito,2,0.0
7,74,Brooke Burke,2,0.0
7,63,Cloris Leachman,3,76.40070233624803
7,64,Susan Lucci,3,0.0
7,65,Cody Linley,3,0.0
7,67,Maurice Greene,3,0.0
7,68,Warren Sapp,3,0.0
7,70,Toni Braxton,3,0.0
7,71,Lance Bass,3,0.0
7,73,Rocco DiSpirito,3,0.0
7,74,Brooke Burke,3,0.0
7,63,Cloris Leachman,4,0.0
7,64,Susan Lucci,4,0.0
7,65,Cody Linley,4,0.0
7,67,Maurice Greene,4,0.0
7,68,Warren Sapp,4,0.0
7,70,Toni Braxton,4,0.0
7,71,Lance Bass,4,0.0
7,73,Rocco DiSpirito,4,77.53120685288188
7,74,Brooke Burke,4,0.0
7,63,Cloris Leachman,5,78.49195042711943
7,64,Susan Lucci,5,0.0
7,65,Cody Linley,5,0.0
7,67,Maurice Greene,5,0.0
7,68,Warren Sapp,5,0.0
7,70,Toni Braxton,5,0.0
7,71,Lance Bass,5,80.77780329011368
7,74,Brooke Burke,5,0.0
7,63,Cloris Leachman,6,83.98193435673996
7,64,Susan Lucci,6,0.0
7,65,Cody Linley,6,0.0
7,67,Maurice Greene,6,0.0
7,68,Warren Sapp,6,0.0
7,71,Lance Bass,6,0.0
7,74,Brooke Burke,6,0.0
7,64,Susan Lucci,7,0.0
7,65,Cody Linley,7,0.0
7,67,Maurice Greene,7,0.0
7,68,Warren Sapp,7,78.42569546373402
7,71,Lance Bass,7,0.0
7,74,Brooke Burke,7,0.0
7,65,Cody Linley,8,80.67723322165148
7,67,Maurice Greene,8,77.5286975148824
7,68,Warren Sapp,8,0.0
7,71,Lance Bass,8,0.0
7,74,Brooke Burke,8,0.0
7,65,Cody Linley,9,82.62084445256966
7,68,Warren Sapp,9,0.0
7,71,Lance Bass,9,0.0
7,74,Brooke Burke,9,0.0
7,68,Warren Sapp,10,79.19066637419438
7,71,Lance Bass,10,81.6477111271711
7,74,Brooke Burke,10,0.0
8,75,Gilles Marini,1,0.0
8,76,Denise Richards,1,0.0
8,77,David Alan Grier,1,0.0
8,78,Lawrence Taylor,1,0.0
8,79,Ty Murray,1,0.0
8,80,Shawn Johnson,1,0.0
8,81,Steve Wozniak,1,77.77555099674122
8,82,Belinda Carlisle,1,0.0
8,83,Chuck Wicks,1,0.0
8,84,Lil' Kim,1,0.0
8,85,Steve-O,1,0.0
8,86,Holly Madison,1,0.0
8,87,Melissa Rycroft,1,0.0
8,75,Gilles Marini,2,0.0
8,76,Denise Richards,2,0.0
8,77,David Alan Grier,2,0.0
8,78,Lawrence Taylor,2,0.0
8,79,Ty Murray,2,0.0
8,80,Shawn Johnson,2,0.0
8,81,Steve Wozniak,2,0.0
8,82,Belinda Carlisle,2,0.0
8,83,Chuck Wicks,2,0.0
8,84,Lil' Kim,2,0.0
8,85,Steve-O,2,77.09014694664982
8,86,Holly Madison,2,0.0
8,87,Melissa Rycroft,2,0.0
8,75,Gilles Marini,3,0.0
8,76,Denise Richards,3,0.0
8,77,David Alan Grier,3,0.0
8,78,Lawrence Taylor,3,0.0
8,79,Ty Murray,3,0.0
8,80,Shawn Johnson,3,0.0
8,81,Steve Wozniak,3,79.67748199959395
8,83,Chuck Wicks,3,0.0
8,84,Lil' Kim,3,0.0
8,85,Steve-O,3,0.0
8,86,Holly Madison,3,0.0
8,87,Melissa Rycroft,3,0.0
8,75,Gilles Marini,4,0.0
8,77,David Alan Grier,4,0.0
8,78,Lawrence Taylor,4,0.0
8,79,Ty Murray,4,0.0
8,80,Shawn Johnson,4,0.0
8,81,Steve Wozniak,4,0.0
8,83,Chuck Wicks,4,0.0
8,84,Lil' Kim,4,0.0
8,85,Steve-O,4,0.0
8,86,Holly Madison,4,0.0
8,87,Melissa Rycroft,4,0.0
8,75,Gilles Marini,5,0.0
8,77,David Alan Grier,5,0.0
8,78,Lawrence Taylor,5,0.0
8,79,Ty Murray,5,0.0
8,80,Shawn Johnson,5,0.0
8,83,Chuck Wicks,5,0.0
8,84,Lil' Kim,5,0.0
8,85,Steve-O,5,76.89452810715393
8,87,Melissa Rycroft,5,0.0
8,75,Gilles Marini,6,0.0
8,78,Lawrence Taylor,6,0.0
8,79,Ty Murray,6,0.0
8,80,Shawn Johnson,6,0.0
8,83,Chuck Wicks,6,0.0
8,84,Lil' Kim,6,0.0
8,85,Steve-O,6,0.0
8,87,Melissa Rycroft,6,0.0
8,75,Gilles Marini,7,0.0
8,78,Lawrence Taylor,7,0.0
8,79,Ty Murray,7,0.0
8,80,Shawn Johnson,7,0.0
8,83,Chuck Wicks,7,0.0
8,84,Lil' Kim,7,0.0
8,87,Melissa Rycroft,7,0.0
8,75,Gilles Marini,8,0.0
8,79,Ty Murray,8,0.0
8,80,Shawn Johnson,8,0.0
8,83,Chuck Wicks,8,0.0
8,84,Lil' Kim,8,0.0
8,87,Melissa Rycroft,8,79.52498750831836
8,75,Gilles Marini,9,0.0
8,79,Ty Murray,9,86.76542138388832
8,80,Shawn Johnson,9,0.0
8,84,Lil' Kim,9,0.0
8,87,Melissa Rycroft,9,0.0
8,75,Gilles Marini,10,0.0
8,79,Ty Murray,10,0.0
8,80,Shawn Johnson,10,0.0
8,87,Melissa Rycroft,10,0.0
8,75,Gilles Marini,11,0.0
8,80,Shawn Johnson,11,0.0
8,87,Melissa Rycroft,11,0.0
9,88,Ashley Hamiliton,1,0.0
9,89,Debi Mazar,1,0.0
9,90,Melissa Joan Hart,1,0.0
9,91,Mark Dacascos,1,0.0
9,92,Chuck Liddell,1,0.0
9,93,Natalie Coughlin,1,0.0
9,94,Louie Vito,1,0.0
9,95,Michael Irvin,1,0.0
9,96,Joanna Krupa,1,0.0
9,97,Kathy Ireland,1,0.0
9,98,Tom DeLay,1,0.0
9,99,Macy Gray,1,77.81567258936795
9,100,Aaron Carter,1,0.0
9,101,Mya,1,0.0
9,102,Donny Osmond,1,0.0
9,103,Kelly Osbourne,1,0.0
9,89,Debi Mazar,2,0.0
9,90,Melissa Joan Hart,2,0.0
9,91,Mark Dacascos,2,0.0
9,92,Chuck Liddell,2,0.0
9,93,Natalie Coughlin,2,0.0
9,94,Louie Vito,2,0.0
9,95,Michael Irvin,2,0.0
9,96,Joanna Krupa,2,0.0
9,97,Kathy Ireland,2,77.37119017514824
9,98,Tom DeLay,2,77.24429906600419
9,100,Aaron Carter,2,0.0
9,101,Mya,2,0.0
9,102,Donny Osmond,2,0.0
9,103,Kelly Osbourne,2,0.0
9,89,Debi Mazar,3,0.0
9,90,Melissa Joan Hart,3,0.0
9,91,Mark Dacascos,3,0.0
9,92,Chuck Liddell,3,0.0
9,93,Natalie Coughlin,3,0.0
9,94,Louie Vito,3,0.0
9,95,Michael Irvin,3,78.95352400301162
9,96,Joanna Krupa,3,0.0
9,98,Tom DeLay,3,0.0
9,100,Aaron Carter,3,0.0
9,101,Mya,3,0.0
9,102,Donny Osmond,3,0.0
9,103,Kelly Osbourne,3,0.0
9,90,Melissa Joan Hart,4,0.0
9,91,Mark Dacascos,4,0.0
9,92,Chuck Liddell,4,0.0
9,93,Natalie Coughlin,4,0.0
9,94,Louie Vito,4,93.81289392062342
9,95,Michael Irvin,4,76.62799691897638
9,96,Joanna Krupa,4,0.0
9,100,Aaron Carter,4,0.0
9,101,Mya,4,0.0
9,102,Donny Osmond,4,0.0
9,103,Kelly Osbourne,4,0.0
9,90,Melissa Joan Hart,5,0.0
9,91,Mark Dacascos,5,0.0
9,93,Natalie Coughlin,5,0.0
9,94,Louie Vito,5,0.0
9,95,Michael Irvin,5,77.98656949736538
9,96,Joanna Krupa,5,0.0
9,100,Aaron Carter,5,0.0
9,101,Mya,5,0.0
9,102,Donny Osmond,5,0.0
9,103,Kelly Osbourne,5,0.0
9,90,Melissa Joan Hart,6,0.0
9,91,Mark Dacascos,6,0.0
9,94,Louie Vito,6,0.0
9,95,Michael Irvin,6,77.43561929173721
9,96,Joanna Krupa,6,0.0
9,100,Aaron Carter,6,0.0
9,101,Mya,6,0.0
9,102,Donny Osmond,6,0.0
9,103,Kelly Osbourne,6,0.0
9,91,Mark Dacascos,7,79.56405784291007
9,95,Michael Irvin,7,0.0
9,96,Joanna Krupa,7,0.0
9,100,Aaron Carter,7,0.0
9,101,Mya,7,0.0
9,102,Donny Osmond,7,0.0
9,103,Kelly Osbourne,7,0.0
9,96,Joanna Krupa,8,0.0
9,100,Aaron Carter,8,77.71155881514846
9,101,Mya,8,0.0
9,102,Donny Osmond,8,82.50130226610261
9,103,Kelly Osbourne,8,0.0
9,96,Joanna Krupa,9,0.0
9,101,Mya,9,0.0
9,102,Donny Osmond,9,91.02790774786013
9,103,Kelly Osbourne,9,0.0
9,101,Mya,10,0.0
9,102,Donny Osmond,10,0.0
9,103,Kelly Osbourne,10,85.6807040638351
10,104,Aiden Turner,1,0.0
10,105,Shannen Doherty,1,0.0
10,106,Niecy Nash,1,0.0
10,107,Buzz Aldrin,1,78.35061727488561
10,108,Chad Ochocinco,1,0.0
10,109,Evan Lysacek,1,0.0
10,110,Pamela Anderson,1,0.0
10,111,Nicole Scherzinger,1,0.0
10,112,Erin Andrews,1,0.0
10,113,Kate Gosselin,1,0.0
10,114,Jake Pavelka,1,0.0
10,104,Aiden Turner,2,0.0
10,105,Shannen Doherty,2,0.0
10,106,Niecy Nash,2,0.0
10,107,Buzz Aldrin,2,0.0
10,108,Chad Ochocinco,2,0.0
10,109,Evan Lysacek,2,0.0
10,110,Pamela Anderson,2,0.0
10,111,Nicole Scherzinger,2,0.0
10,112,Erin Andrews,2,0.0
10,113,Kate Gosselin,2,0.0
10,114,Jake Pavelka,2,0.0
10,104,Aiden Turner,3,0.0
10,106,Niecy Nash,3,0.0
10,107,Buzz Aldrin,3,78.17815218366468
10,108,Chad Ochocinco,3,0.0
10,109,Evan Lysacek,3,0.0
10,110,Pamela Anderson,3,0.0
10,111,Nicole Scherzinger,3,0.0
10,112,Erin Andrews,3,0.0
10,113,Kate Gosselin,3,0.0
10,114,Jake Pavelka,3,0.0
10,104,Aiden Turner,4,0.0
10,106,Niecy Nash,4,0.0
10,108,Chad Ochocinco,4,0.0
10,109,Evan Lysacek,4,0.0
10,110,Pamela Anderson,4,0.0
10,111,Nicole Scherzinger,4,0.0
10,112,Erin Andrews,4,0.0
10,113,Kate Gosselin,4,0.0
10,114,Jake Pavelka,4,0.0
10,106,Niecy Nash,5,0.0
10,108,Chad Ochocinco,5,0.0
10,109,Evan Lysacek,5,0.0
10,110,Pamela Anderson,5,0.0
10,111,Nicole Scherzinger,5,0.0
10,112,Erin Andrews,5,0.0
10,113,Kate Gosselin,5,79.06933451697114
10,114,Jake Pavelka,5,0.0
10,106,Niecy Nash,6,0.0
10,108,Chad Ochocinco,6,0.0
10,109,Evan Lysacek,6,0.0
10,110,Pamela Anderson,6,0.0
10,111,Nicole Scherzinger,6,0.0
10,112,Erin Andrews,6,0.0
10,114,Jake Pavelka,6,77.47545246550177
10,106,Niecy Nash,7,0.0
10,108,Chad Ochocinco,7,0.0
10,109,Evan Lysacek,7,0.0
10,110,Pamela Anderson,7,0.0
10,111,Nicole Scherzinger,7,0.0
10,112,Erin Andrews,7,0.0
10,106,Niecy Nash,8,76.59433356274944
10,108,Chad Ochocinco,8,0.0
10,109,Evan Lysacek,8,0.0
10,111,Nicole Scherzinger,8,0.0
10,112,Erin Andrews,8,0.0
10,108,Chad Ochocinco,9,77.47422396832394
10,109,Evan Lysacek,9,0.0
10,111,Nicole Scherzinger,9,0.0
10,112,Erin Andrews,9,0.0
10,109,Evan Lysacek,10,0.0
10,111,Nicole Scherzinger,10,0.0
10,112,Erin Andrews,10,0.0
11,115,David Hasselhoff,1,0.0
11,116,Florence Henderson,1,0.0
11,117,Kyle Massey,1,0.0
11,118,Jennifer Grey,1,0.0
11,119,Rick Fox,1,0.0
11,120,Kurt Warner,1,0.0
11,121,Margaret Cho,1,76.83771440390224
11,122,Michael Bolton,1,0.0
11,123,Brandy,1,0.0
11,124,The Situation,1,78.94267252409526
11,125,Audrina Patridge,1,0.0
11,126,Bristol Palin,1,0.0
11,116,Florence Henderson,2,0.0
11,117,Kyle Massey,2,0.0
11,118,Jennifer Grey,2,0.0
11,119,Rick Fox,2,0.0
11,120,Kurt Warner,2,0.0
11,121,Margaret Cho,2,0.0
11,122,Michael Bolton,2,0.0
11,123,Brandy,2,0.0
11,124,The Situation,2,0.0
11,125,Audrina Patridge,2,0.0
11,126,Bristol Palin,2,0.0
11,116,Florence Henderson,3,0.0
11,117,Kyle Massey,3,0.0
11,118,Jennifer Grey,3,0.0
11,119,Rick Fox,3,0.0
11,120,Kurt Warner,3,0.0
11,121,Margaret Cho,3,0.0
11,123,Brandy,3,0.0
11,124,The Situation,3,0.0
11,125,Audrina Patridge,3,0.0
11,126,Bristol Palin,3,0.0
11,116,Florence Henderson,4,0.0
11,117,Kyle Massey,4,0.0
11,118,Jennifer Grey,4,0.0
11,119,Rick Fox,4,0.0
11,120,Kurt Warner,4,0.0
11,123,Brandy,4,0.0
11,124,The Situation,4,0.0
11,125,Audrina Patridge,4,0.0
11,126,Bristol Palin,4,0.0
11,116,Florence Henderson,5,0.0
11,117,Kyle Massey,5,0.0
11,118,Jennifer Grey,5,0.0
11,119,Rick Fox,5,0.0
11,120,Kurt Warner,5,0.0
11,123,Brandy,5,0.0
11,125,Audrina Patridge,5,0.0
11,126,Bristol Palin,5,76.70649295713406
11,117,Kyle Massey,6,0.0
11,118,Jennifer Grey,6,0.0
11,119,Rick Fox,6,0.0
11,120,Kurt Warner,6,85.53944869024622
11,123,Brandy,6,0.0
11,125,Audrina Patridge,6,0.0
11,126,Bristol Palin,6,0.0
11,117,Kyle Massey,7,0.0
11,118,Jennifer Grey,7,0.0
11,119,Rick Fox,7,0.0
11,120,Kurt Warner,7,0.0
11,123,Brandy,7,0.0
11,126,Bristol Palin,7,79.6611045079399
11,117,Kyle Massey,8,0.0
11,118,Jennifer Grey,8,0.0
11,120,Kurt Warner,8,0.0
11,123,Brandy,8,0.0
11,126,Bristol Palin,8,77.03963626758599
11,117,Kyle Massey,9,0.0
11,118,Jennifer Grey,9,0.0
11,123,Brandy,9,0.0
11,126,Bristol Palin,9,79.4554034114137
11,117,Kyle Massey,10,0.0
11,118,Jennifer Grey,10,0.0
11,126,Bristol Palin,10,0.0
12,127,Ralph Macchio,1,0.0
12,128,Chelsea Kane,1,0.0
12,129,Kirstie Alley,1,0.0
12,130,Hines Ward,1,0.0
12,131,Sugar Ray Leonard,1,0.0
12,132,Chris Jericho,1,0.0
12,133,Petra Nemcova,1,0.0
12,134,Mike Catherwood,1,0.0
12,135,Romeo,1,0.0
12,136,Wendy Williams,1,0.0
12,137,Kendra Wilkinson,1,0.0
12,127,Ralph Macchio,2,0.0
12,128,Chelsea Kane,2,0.0
12,129,Kirstie Alley,2,0.0
12,130,Hines Ward,2,0.0
12,131,Sugar Ray Leonard,2,80.5896411532807
12,132,Chris Jericho,2,0.0
12,133,Petra Nemcova,2,0.0
12,134,Mike Catherwood,2,77.45227351807122
12,135,Romeo,2,0.0
12,136,Wendy Williams,2,0.0
12,137,Kendra Wilkinson,2,0.0
12,127,Ralph Macchio,3,0.0
12,128,Chelsea Kane,3,0.0
12,129,Kirstie Alley,3,0.0
12,130,Hines Ward,3,0.0
12,131,Sugar Ray Leonard,3,0.0
12,132,Chris Jericho,3,0.0
12,133,Petra Nemcova,3,0.0
12,135,Romeo,3,0.0
12,136,Wendy Williams,3,77.89106718608146
12,137,Kendra Wilkinson,3,0.0
12,127,Ralph Macchio,4,0.0
12,128,Chelsea Kane,4,0.0
12,129,Kirstie Alley,4,0.0
12,130,Hines Ward,4,0.0
12,131,Sugar Ray Leonard,4,0.0
12,132,Chris Jericho,4,0.0
12,133,Petra Nemcova,4,0.0
12,135,Romeo,4,0.0
12,137,Kendra Wilkinson,4,81.15036153904444
12,127,Ralph Macchio,5,76.65240337615266
12,128,Chelsea Kane,5,0.0
12,129,Kirstie Alley,5,0.0
12,130,Hines Ward,5,0.0
12,132,Chris Jericho,5,0.0
12,133,Petra Nemcova,5,79.16317831063625
12,135,Romeo,5,0.0
12,137,Kendra Wilkinson,5,79.16832895348436
12,127,Ralph Macchio,6,0.0
12,128,Chelsea Kane,6,0.0
12,129,Kirstie Alley,6,0.0
12,130,Hines Ward,6,0.0
12,132,Chris Jericho,6,82.05038732430708
12,135,Romeo,6,0.0
12,137,Kendra Wilkinson,6,0.0
12,127,Ralph Macchio,7,0.0
12,128,Chelsea Kane,7,0.0
12,129,Kirstie Alley,7,77.14934444771059
12,130,Hines Ward,7,0.0
12,135,Romeo,7,0.0
12,137,Kendra Wilkinson,7,0.0
12,127,Ralph Macchio,8,0.0
12,128,Chelsea Kane,8,0.0
12,129,Kirstie Alley,8,0.0
12,130,Hines Ward,8,0.0
12,135,Romeo,8,0.0
12,127,Ralph Macchio,9,77.43056183233932
12,128,Chelsea Kane,9,0.0
12,129,Kirstie Alley,9,0.0
12,130,Hines Ward,9,0.0
12,128,Chelsea Kane,10,0.0
12,129,Kirstie Alley,10,0.0
12,130,Hines Ward,10,0.0
13,138,Elisabetta Canalis,1,0.0
13,139,David Arquette,1,0.0
13,140,Ricki Lake,1,0.0
13,141,J.R. Martinez,1,0.0
13,142,Metta World Peace (Ron),1,0.0
13,143,Hope Solo,1,0.0
13,144,Chynna Phillips,1,0.0
13,145,Kristin Cavallari,1,0.0
13,146,Carson Kressley,1,0.0
13,147,Chaz Bono,1,0.0
13,148,Nancy Grace,1,0.0
13,149,Rob Kardashian,1,0.0
13,138,Elisabetta Canalis,2,0.0
13,139,David Arquette,2,0.0
13,140,Ricki Lake,2,0.0
13,141,J.R. Martinez,2,0.0
13,143,Hope Solo,2,0.0
13,144,Chynna Phillips,2,0.0
13,145,Kristin Cavallari,2,0.0
13,146,Carson Kressley,2,0.0
13,147,Chaz Bono,2,76.89981938204684
13,148,Nancy Grace,2,0.0
13,149,Rob Kardashian,2,0.0
13,139,David Arquette,3,0.0
13,140,Ricki Lake,3,0.0
13,141,J.R. Martinez,3,0.0
13,143,Hope Solo,3,0.0
13,144,Chynna Phillips,3,0.0
13,145,Kristin Cavallari,3,0.0
13,146,Carson Kressley,3,0.0
13,147,Chaz Bono,3,78.10656180276335
13,148,Nancy Grace,3,0.0
13,149,Rob Kardashian,3,0.0
13,139,David Arquette,4,0.0
13,140,Ricki Lake,4,0.0
13,141,J.R. Martinez,4,0.0
13,143,Hope Solo,4,0.0
13,144,Chynna Phillips,4,0.0
13,146,Carson Kressley,4,77.74120627365605
13,147,Chaz Bono,4,0.0
13,148,Nancy Grace,4,0.0
13,149,Rob Kardashian,4,0.0
13,139,David Arquette,5,0.0
13,140,Ricki Lake,5,0.0
13,141,J.R. Martinez,5,0.0
13,143,Hope Solo,5,0.0
13,146,Carson Kressley,5,0.0
13,147,Chaz Bono,5,0.0
13,148,Nancy Grace,5,0.0
13,149,Rob Kardashian,5,0.0
13,139,David Arquette,6,0.0
13,140,Ricki Lake,6,0.0
13,141,J.R. Martinez,6,0.0
13,143,Hope Solo,6,0.0
13,147,Chaz Bono,6,0.0
13,148,Nancy Grace,6,0.0
13,149,Rob Kardashian,6,0.0
13,139,David Arquette,7,0.0
13,140,Ricki Lake,7,0.0
13,141,J.R. Martinez,7,0.0
13,143,Hope Solo,7,0.0
13,148,Nancy Grace,7,86.23160892274302
13,149,Rob Kardashian,7,0.0
13,140,Ricki Lake,8,0.0
13,141,J.R. Martinez,8,0.0
13,143,Hope Solo,8,0.0
13,148,Nancy Grace,8,0.0
13,149,Rob Kardashian,8,0.0
13,140,Ricki Lake,9,0.0
13,141,J.R. Martinez,9,0.0
13,143,Hope Solo,9,0.0
13,149,Rob Kardashian,9,0.0
13,140,Ricki Lake,10,0.0
13,141,J.R. Martinez,10,0.0
13,149,Rob Kardashian,10,0.0
14,150,William Levy,1,0.0
14,151,Jack Wagner,1,0.0
14,152,Sherri Sheperd,1,0.0
14,153,Jaleel White,1,0.0
14,154,Roshon Fegan,1,0.0
14,155,Melissa Gilbert,1,77.11886193806183
14,156,Martina Navratilova,1,0.0
14,157,Donald Driver,1,0.0
14,158,Gavin DeGraw,1,77.4967082249659
14,159,Gladys Knight,1,0.0
14,160,Katherine Jenkins,1,0.0
14,161,Maria Menounos,1,0.0
14,150,William Levy,2,0.0
14,151,Jack Wagner,2,0.0
14,152,Sherri Sheperd,2,0.0
14,153,Jaleel White,2,0.0
14,154,Roshon Fegan,2,0.0
14,155,Melissa Gilbert,2,0.0
14,156,Martina Navratilova,2,77.33704169496575
14,157,Donald Driver,2,0.0
14,158,Gavin DeGraw,2,0.0
14,159,Gladys Knight,2,0.0
14,160,Katherine Jenkins,2,0.0
14,161,Maria Menounos,2,0.0
14,150,William Levy,3,0.0
14,151,Jack Wagner,3,79.93476535308352
14,152,Sherri Sheperd,3,0.0
14,153,Jaleel White,3,0.0
14,154,Roshon Fegan,3,0.0
14,155,Melissa Gilbert,3,78.06482051594726
14,157,Donald Driver,3,0.0
14,158,Gavin DeGraw,3,83.1145802291737
14,159,Gladys Knight,3,77.06806532088954
14,160,Katherine Jenkins,3,0.0
14,161,Maria Menounos,3,0.0
14,150,William Levy,4,0.0
14,152,Sherri Sheperd,4,0.0
14,153,Jaleel White,4,0.0
14,154,Roshon Fegan,4,0.0
14,155,Melissa Gilbert,4,0.0
14,157,Donald Driver,4,0.0
14,158,Gavin DeGraw,4,0.0
14,159,Gladys Knight,4,77.48504057171827
14,160,Katherine Jenkins,4,0.0
14,161,Maria Menounos,4,0.0
14,150,William Levy,5,0.0
14,153,Jaleel White,5,0.0
14,154,Roshon Fegan,5,0.0
14,155,Melissa Gilbert,5,0.0
14,157,Donald Driver,5,0.0
14,158,Gavin DeGraw,5,76.49959319510533
14,159,Gladys Knight,5,0.0
14,160,Katherine Jenkins,5,0.0
14,161,Maria Menounos,5,0.0
14,150,William Levy,6,0.0
14,153,Jaleel White,6,0.0
14,154,Roshon Fegan,6,0.0
14,155,Melissa Gilbert,6,0.0
14,157,Donald Driver,6,0.0
14,159,Gladys Knight,6,78.3730393852647
14,160,Katherine Jenkins,6,0.0
14,161,Maria Menounos,6,0.0
14,150,William Levy,7,0.0
14,153,Jaleel White,7,0.0
14,154,Roshon Fegan,7,0.0
14,155,Melissa Gilbert,7,78.6732321287338
14,157,Donald Driver,7,0.0
14,160,Katherine Jenkins,7,0.0
14,161,Maria Menounos,7,0.0
14,150,William Levy,8,0.0
14,154,Roshon Fegan,8,0.0
14,155,Melissa Gilbert,8,0.0
14,157,Donald Driver,8,0.0
14,160,Katherine Jenkins,8,0.0
14,161,Maria Menounos,8,0.0
14,150,William Levy,9,0.0
14,157,Donald Driver,9,0.0
14,160,Katherine Jenkins,9,80.4010167393972
14,161,Maria Menounos,9,0.0
14,150,William Levy,10,0.0
14,157,Donald Driver,10,89.47152811224254
14,160,Katherine Jenkins,10,0.0
15,162,Gilles Marini,1,0.0
15,163,Sabrina Bryan,1,0.0
15,164,Kirstie Alley,1,0.0
15,165,Kelly Monaco,1,0.0
15,166,Apolo Anton Ohno,1,0.0
15,167,Emmitt Smith,1,0.0
15,168,Shawn Johnson,1,0.0
15,169,Pamela Anderson,1,0.0
15,170,Helio Castroneves,1,0.0
15,171,Joey Fatone,1,0.0
15,172,Drew Lachey,1,0.0
15,173,Bristol Palin,1,0.0
15,174,Melissa Rycroft,1,0.0
15,162,Gilles Marini,2,0.0
15,163,Sabrina Bryan,2,0.0
15,164,Kirstie Alley,2,0.0
15,165,Kelly Monaco,2,0.0
15,166,Apolo Anton Ohno,2,0.0
15,167,Emmitt Smith,2,0.0
15,168,Shawn Johnson,2,0.0
15,170,Helio Castroneves,2,0.0
15,171,Joey Fatone,2,0.0
15,172,Drew Lachey,2,0.0
15,173,Bristol Palin,2,79.89729479979366
15,174,Melissa Rycroft,2,0.0
15,162,Gilles Marini,3,0.0
15,163,Sabrina Bryan,3,0.0
15,164,Kirstie Alley,3,0.0
15,165,Kelly Monaco,3,0.0
15,166,Apolo Anton Ohno,3,0.0
15,167,Emmitt Smith,3,0.0
15,168,Shawn Johnson,3,0.0
15,170,Helio Castroneves,3,0.0
15,172,Drew Lachey,3,0.0
15,173,Bristol Palin,3,78.22384548413318
15,174,Melissa Rycroft,3,0.0
15,162,Gilles Marini,4,0.0
15,163,Sabrina Bryan,4,0.0
15,164,Kirstie Alley,4,78.59687365358394
15,165,Kelly Monaco,4,0.0
15,166,Apolo Anton Ohno,4,0.0
15,167,Emmitt Smith,4,0.0
15,168,Shawn Johnson,4,0.0
15,173,Bristol Palin,4,0.0
15,174,Melissa Rycroft,4,0.0
15,162,Gilles Marini,5,0.0
15,163,Sabrina Bryan,5,0.0
15,164,Kirstie Alley,5,0.0
15,165,Kelly Monaco,5,76.96613861348533
15,166,Apolo Anton Ohno,5,0.0
15,167,Emmitt Smith,5,0.0
15,168,Shawn Johnson,5,0.0
15,174,Melissa Rycroft,5,0.0
15,162,Gilles Marini,6,0.0
15,163,Sabrina Bryan,6,0.0
15,164,Kirstie Alley,6,0.0
15,165,Kelly Monaco,6,0.0
15,166,Apolo Anton Ohno,6,0.0
15,167,Emmitt Smith,6,77.41381292701598
15,168,Shawn Johnson,6,0.0
15,174,Melissa Rycroft,6,0.0
15,162,Gilles Marini,7,0.0
15,164,Kirstie Alley,7,0.0
15,165,Kelly Monaco,7,0.0
15,166,Apolo Anton Ohno,7,0.0
15,167,Emmitt Smith,7,0.0
15,168,Shawn Johnson,7,0.0
15,174,Melissa Rycroft,7,0.0
15,162,Gilles Marini,8,0.0
15,164,Kirstie Alley,8,77.17564942563851
15,165,Kelly Monaco,8,0.0
15,166,Apolo Anton Ohno,8,0.0
15,167,Emmitt Smith,8,0.0
15,168,Shawn Johnson,8,0.0
15,174,Melissa Rycroft,8,0.0
15,165,Kelly Monaco,9,0.0
15,166,Apolo Anton Ohno,9,0.0
15,167,Emmitt Smith,9,80.06005749353078
15,168,Shawn Johnson,9,0.0
15,174,Melissa Rycroft,9,0.0
15,165,Kelly Monaco,10,0.0
15,168,Shawn Johnson,10,80.66822885397744
15,174,Melissa Rycroft,10,0.0
16,175,Ingo Rademacher,1,0.0
16,176,Zendaya,1,0.0
16,177,Dorothy Hamill,1,0.0
16,178,Victor Ortiz,1,0.0
16,179,Alexandra Raisman,1,0.0
16,180,Jacoby Jones,1,0.0
16,181,D. L. Hughley,1,76.89192762839303
16,182,Andy Dick,1,0.0
16,183,Wynonna Judd,1,0.0
16,184,Kellie Pickler,1,0.0
16,185,Lisa Vanderpump,1,0.0
16,186,Sean Lowe,1,0.0
16,175,Ingo Rademacher,2,0.0
16,176,Zendaya,2,0.0
16,177,Dorothy Hamill,2,76.39601670288249
16,178,Victor Ortiz,2,0.0
16,179,Alexandra Raisman,2,0.0
16,180,Jacoby Jones,2,0.0
16,181,D. L. Hughley,2,0.0
16,182,Andy Dick,2,0.0
16,183,Wynonna Judd,2,0.0
16,184,Kellie Pickler,2,0.0
16,185,Lisa Vanderpump,2,0.0
16,186,Sean Lowe,2,0.0
16,175,Ingo Rademacher,3,0.0
16,176,Zendaya,3,0.0
16,178,Victor Ortiz,3,0.0
16,179,Alexandra Raisman,3,0.0
16,180,Jacoby Jones,3,0.0
16,181,D. L. Hughley,3,0.0
16,182,Andy Dick,3,0.0
16,183,Wynonna Judd,3,77.36700765084751
16,184,Kellie Pickler,3,0.0
16,185,Lisa Vanderpump,3,0.0
16,186,Sean Lowe,3,0.0
16,175,Ingo Rademacher,4,0.0
16,176,Zendaya,4,0.0
16,178,Victor Ortiz,4,79.4062283432494
16,179,Alexandra Raisman,4,0.0
16,180,Jacoby Jones,4,0.0
16,181,D. L. Hughley,4,0.0
16,182,Andy Dick,4,0.0
16,184,Kellie Pickler,4,0.0
16,185,Lisa Vanderpump,4,78.07139626706442
16,186,Sean Lowe,4,0.0
16,175,Ingo Rademacher,5,0.0
16,176,Zendaya,5,0.0
16,178,Victor Ortiz,5,0.0
16,179,Alexandra Raisman,5,0.0
16,180,Jacoby Jones,5,0.0
16,181,D. L. Hughley,5,76.52880201980918
16,182,Andy Dick,5,78.23013026703674
16,184,Kellie Pickler,5,0.0
16,186,Sean Lowe,5,0.0
16,175,Ingo Rademacher,6,0.0
16,176,Zendaya,6,0.0
16,178,Victor Ortiz,6,80.95533094733332
16,179,Alexandra Raisman,6,0.0
16,180,Jacoby Jones,6,0.0
16,182,Andy Dick,6,0.0
16,184,Kellie Pickler,6,0.0
16,186,Sean Lowe,6,0.0
16,175,Ingo Rademacher,7,0.0
16,176,Zendaya,7,0.0
16,179,Alexandra Raisman,7,0.0
16,180,Jacoby Jones,7,0.0
16,182,Andy Dick,7,77.26063669528449
16,184,Kellie Pickler,7,0.0
16,186,Sean Lowe,7,0.0
16,175,Ingo Rademacher,8,0.0
16,176,Zendaya,8,0.0
16,179,Alexandra Raisman,8,0.0
16,180,Jacoby Jones,8,0.0
16,184,Kellie Pickler,8,0.0
16,186,Sean Lowe,8,76.9679672838518
16,175,Ingo Rademacher,9,78.21278458321163
16,176,Zendaya,9,0.0
16,179,Alexandra Raisman,9,0.0
16,180,Jacoby Jones,9,0.0
16,184,Kellie Pickler,9,0.0
16,176,Zendaya,10,0.0
16,179,Alexandra Raisman,10,0.0
16,180,Jacoby Jones,10,0.0
16,184,Kellie Pickler,10,0.0
17,187,Valerie Harper,1,0.0
17,188,Brant Daugherty,1,0.0
17,189,Elizabeth Berkley Lauren,1,0.0
17,190,Leah Remini,1,0.0
17,191,Corbin Bleu,1,0.0
17,192,Amber Riley,1,0.0
17,193,Keyshawn Johnson,1,0.0
17,194,Bill Engvall,1,0.0
17,195,Christina Milian,1,0.0
17,196,"Nicole ""Snooki"" Polizzi",1,0.0
17,197,Jack Osbourne,1,0.0
17,198,Bill Nye,1,76.9411640629222
17,187,Valerie Harper,2,0.0
17,188,Brant Daugherty,2,0.0
17,189,Elizabeth Berkley Lauren,2,0.0
17,190,Leah Remini,2,0.0
17,191,Corbin Bleu,2,0.0
17,192,Amber Riley,2,0.0
17,193,Keyshawn Johnson,2,0.0
17,194,Bill Engvall,2,0.0
17,195,Christina Milian,2,0.0
17,196,"Nicole ""Snooki"" Polizzi",2,0.0
17,197,Jack Osbourne,2,0.0
17,198,Bill Nye,2,0.0
17,187,Valerie Harper,3,0.0
17,188,Brant Daugherty,3,0.0
17,189,Elizabeth Berkley Lauren,3,0.0
17,190,Leah Remini,3,0.0
17,191,Corbin Bleu,3,0.0
17,192,Amber Riley,3,0.0
17,194,Bill Engvall,3,0.0
17,195,Christina Milian,3,0.0
17,196,"Nicole ""Snooki"" Polizzi",3,0.0
17,197,Jack Osbourne,3,0.0
17,198,Bill Nye,3,78.17285299058788
17,187,Valerie Harper,4,76.44734167738896
17,188,Brant Daugherty,4,0.0
17,189,Elizabeth Berkley Lauren,4,0.0
17,190,Leah Remini,4,0.0
17,191,Corbin Bleu,4,0.0
17,192,Amber Riley,4,0.0
17,194,Bill Engvall,4,0.0
17,195,Christina Milian,4,0.0
17,196,"Nicole ""Snooki"" Polizzi",4,0.0
17,197,Jack Osbourne,4,0.0
17,188,Brant Daugherty,5,0.0
17,189,Elizabeth Berkley Lauren,5,0.0
17,190,Leah Remini,5,77.39515268233228
17,191,Corbin Bleu,5,0.0
17,192,Amber Riley,5,0.0
17,194,Bill Engvall,5,0.0
17,195,Christina Milian,5,0.0
17,196,"Nicole ""Snooki"" Polizzi",5,0.0
17,197,Jack Osbourne,5,0.0
17,188,Brant Daugherty,6,0.0
17,189,Elizabeth Berkley Lauren,6,0.0
17,190,Leah Remini,6,0.0
17,191,Corbin Bleu,6,0.0
17,192,Amber Riley,6,0.0
17,194,Bill Engvall,6,80.93617729098392
17,196,"Nicole ""Snooki"" Polizzi",6,0.0
17,197,Jack Osbourne,6,0.0
17,188,Brant Daugherty,7,0.0
17,189,Elizabeth Berkley Lauren,7,0.0
17,190,Leah Remini,7,0.0
17,191,Corbin Bleu,7,0.0
17,192,Amber Riley,7,0.0
17,194,Bill Engvall,7,76.56426922761645
17,196,"Nicole ""Snooki"" Polizzi",7,0.0
17,197,Jack Osbourne,7,0.0
17,188,Brant Daugherty,8,0.0
17,189,Elizabeth Berkley Lauren,8,0.0
17,190,Leah Remini,8,0.0
17,191,Corbin Bleu,8,0.0
17,192,Amber Riley,8,0.0
17,194,Bill Engvall,8,76.71608713098517
17,197,Jack Osbourne,8,0.0
17,189,Elizabeth Berkley Lauren,9,0.0
17,190,Leah Remini,9,0.0
17,191,Corbin Bleu,9,0.0
17,192,Amber Riley,9,0.0
17,194,Bill Engvall,9,0.0
17,197,Jack Osbourne,9,0.0
17,190,Leah Remini,10,0.0
17,191,Corbin Bleu,10,0.0
17,192,Amber Riley,10,0.0
17,194,Bill Engvall,10,94.06992845795243
17,197,Jack Osbourne,10,0.0
17,191,Corbin Bleu,11,0.0
17,192,Amber Riley,11,0.0
17,194,Bill Engvall,11,77.27282279998998
17,197,Jack Osbourne,11,0.0
18,199,Billy Dee Williams,1,76.69224514985734
18,200,Danica McKellar,1,0.0
18,201,James Maslow,1,0.0
18,202,Candace Cameron Bure,1,0.0
18,203,Sean Avery,1,0.0
18,204,Diana Nyad,1,0.0
18,205,Charlie White,1,0.0
18,206,Amy Purdy,1,0.0
18,207,Meryl Davis,1,0.0
18,208,Drew Carey,1,0.0
18,209,Cody Simpson,1,0.0
18,210,NeNe Leakes,1,0.0
18,199,Billy Dee Williams,2,76.87148002639503
18,200,Danica McKellar,2,0.0
18,201,James Maslow,2,0.0
18,202,Candace Cameron Bure,2,0.0
18,203,Sean Avery,2,0.0
18,205,Charlie White,2,0.0
18,206,Amy Purdy,2,0.0
18,207,Meryl Davis,2,0.0
18,208,Drew Carey,2,0.0
18,209,Cody Simpson,2,0.0
18,210,NeNe Leakes,2,0.0
18,200,Danica McKellar,3,0.0
18,201,James Maslow,3,0.0
18,202,Candace Cameron Bure,3,0.0
18,205,Charlie White,3,0.0
18,206,Amy Purdy,3,0.0
18,207,Meryl Davis,3,0.0
18,208,Drew Carey,3,79.16752230043257
18,209,Cody Simpson,3,0.0
18,210,NeNe Leakes,3,0.0
18,200,Danica McKellar,4,0.0
18,201,James Maslow,4,0.0
18,202,Candace Cameron Bure,4,77.66044371609757
18,205,Charlie White,4,0.0
18,206,Amy Purdy,4,0.0
18,207,Meryl Davis,4,0.0
18,208,Drew Carey,4,0.0
18,209,Cody Simpson,4,0.0
18,210,NeNe Leakes,4,0.0
18,200,Danica McKellar,5,0.0
18,201,James Maslow,5,0.0
18,202,Candace Cameron Bure,5,0.0
18,205,Charlie White,5,0.0
18,206,Amy Purdy,5,0.0
18,207,Meryl Davis,5,0.0
18,208,Drew Carey,5,0.0
18,209,Cody Simpson,5,0.0
18,210,NeNe Leakes,5,0.0
18,200,Danica McKellar,6,0.0
18,201,James Maslow,6,0.0
18,202,Candace Cameron Bure,6,78.34913575456409
18,205,Charlie White,6,0.0
18,206,Amy Purdy,6,0.0
18,207,Meryl Davis,6,0.0
18,208,Drew Carey,6,78.54940212254506
18,210,NeNe Leakes,6,0.0
18,200,Danica McKellar,7,0.0
18,201,James Maslow,7,0.0
18,202,Candace Cameron Bure,7,0.0
18,205,Charlie White,7,0.0
18,206,Amy Purdy,7,0.0
18,207,Meryl Davis,7,0.0
18,210,NeNe Leakes,7,80.83296433143656
18,200,Danica McKellar,8,0.0
18,201,James Maslow,8,81.99416518174333
18,202,Candace Cameron Bure,8,79.18954475347498
18,205,Charlie White,8,0.0
18,206,Amy Purdy,8,0.0
18,207,Meryl Davis,8,82.40611139404388
18,201,James Maslow,9,0.0
18,202,Candace Cameron Bure,9,78.03877818009333
18,205,Charlie White,9,0.0
18,206,Amy Purdy,9,0.0
18,207,Meryl Davis,9,0.0
18,201,James Maslow,10,0.0
18,202,Candace Cameron Bure,10,0.0
18,206,Amy Purdy,10,0.0
18,207,Meryl Davis,10,0.0
19,211,Antonio Sabato Jr.,1,0.0
19,212,Jonathan Bennett,1,0.0
19,213,Lea Thompson,1,0.0
19,214,Janel Parrish,1,0.0
19,215,Alfonso Ribeiro,1,0.0
19,216,Lolo Jones,1,0.0
19,217,Randy Couture,1,0.0
19,218,Tommy Chong,1,0.0
19,219,Betsey Johnson,1,78.94480041957344
19,220,Michael Waltrip,1,0.0
19,221,Tavis Smiley,1,0.0
19,222,Bethany Mota,1,0.0
19,223,Sadie Robertson,1,0.0
19,211,Antonio Sabato Jr.,2,0.0
19,212,Jonathan Bennett,2,0.0
19,213,Lea Thompson,2,0.0
19,214,Janel Parrish,2,0.0
19,215,Alfonso Ribeiro,2,0.0
19,217,Randy Couture,2,0.0
19,218,Tommy Chong,2,0.0
19,219,Betsey Johnson,2,0.0
19,220,Michael Waltrip,2,76.52684153555217
19,221,Tavis Smiley,2,0.0
19,222,Bethany Mota,2,0.0
19,223,Sadie Robertson,2,0.0
19,211,Antonio Sabato Jr.,3,0.0
19,212,Jonathan Bennett,3,0.0
19,213,Lea Thompson,3,0.0
19,214,Janel Parrish,3,0.0
19,215,Alfonso Ribeiro,3,0.0
19,217,Randy Couture,3,0.0
19,218,Tommy Chong,3,0.0
19,219,Betsey Johnson,3,0.0
19,220,Michael Waltrip,3,0.0
19,222,Bethany Mota,3,0.0
19,223,Sadie Robertson,3,0.0
19,211,Antonio Sabato Jr.,4,0.0
19,212,Jonathan Bennett,4,77.29896445176313
19,213,Lea Thompson,4,0.0
19,214,Janel Parrish,4,0.0
19,215,Alfonso Ribeiro,4,0.0
19,218,Tommy Chong,4,0.0
19,219,Betsey Johnson,4,0.0
19,220,Michael Waltrip,4,0.0
19,222,Bethany Mota,4,0.0
19,223,Sadie Robertson,4,0.0
19,211,Antonio Sabato Jr.,5,0.0
19,212,Jonathan Bennett,5,0.0
19,213,Lea Thompson,5,0.0
19,214,Janel Parrish,5,0.0
19,215,Alfonso Ribeiro,5,0.0
19,218,Tommy Chong,5,0.0
19,220,Michael Waltrip,5,76.4903869917177
19,222,Bethany Mota,5,0.0
19,223,Sadie Robertson,5,0.0
19,211,Antonio Sabato Jr.,6,0.0
19,212,Jonathan Bennett,6,0.0
19,213,Lea Thompson,6,0.0
19,214,Janel Parrish,6,0.0
19,215,Alfonso Ribeiro,6,0.0
19,218,Tommy Chong,6,81.15164628962735
19,220,Michael Waltrip,6,0.0
19,222,Bethany Mota,6,0.0
19,223,Sadie Robertson,6,0.0
19,211,Antonio Sabato Jr.,7,0.0
19,213,Lea Thompson,7,0.0
19,214,Janel Parrish,7,0.0
19,215,Alfonso Ribeiro,7,0.0
19,218,Tommy Chong,7,0.0
19,220,Michael Waltrip,7,0.0
19,222,Bethany Mota,7,0.0
19,223,Sadie Robertson,7,0.0
19,213,Lea Thompson,8,0.0
19,214,Janel Parrish,8,0.0
19,215,Alfonso Ribeiro,8,0.0
19,218,Tommy Chong,8,0.0
19,220,Michael Waltrip,8,77.8725265837927
19,222,Bethany Mota,8,0.0
19,223,Sadie Robertson,8,0.0
19,213,Lea Thompson,9,0.0
19,214,Janel Parrish,9,0.0
19,215,Alfonso Ribeiro,9,0.0
19,218,Tommy Chong,9,0.0
19,222,Bethany Mota,9,0.0
19,223,Sadie Robertson,9,0.0
19,214,Janel Parrish,10,0.0
19,215,Alfonso Ribeiro,10,0.0
19,218,Tommy Chong,10,88.01963936953601
19,222,Bethany Mota,10,0.0
19,223,Sadie Robertson,10,0.0
19,214,Janel Parrish,11,0.0
19,215,Alfonso Ribeiro,11,0.0
19,222,Bethany Mota,11,82.80527762732437
19,223,Sadie Robertson,11,0.0
20,224,Suzanne Somers,1,0.0
20,225,Willow Shields,1,0.0
20,226,Riker Lynch,1,0.0
20,227,Rumer Willis,1,0.0
20,228,Nastia Liukin,1,0.0
20,229,Michael Sam,1,0.0
20,230,Robert Herjavec,1,0.0
20,231,Charlotte McKinney,1,77.81655654473393
20,232,Noah Galloway,1,0.0
20,233,Redfoo,1,0.0
20,234,Patti LaBelle,1,0.0
20,235,Chris Soules,1,0.0
20,224,Suzanne Somers,2,0.0
20,225,Willow Shields,2,0.0
20,226,Riker Lynch,2,0.0
20,227,Rumer Willis,2,0.0
20,228,Nastia Liukin,2,0.0
20,229,Michael Sam,2,0.0
20,230,Robert Herjavec,2,0.0
20,231,Charlotte McKinney,2,0.0
20,232,Noah Galloway,2,0.0
20,233,Redfoo,2,0.0
20,234,Patti LaBelle,2,0.0
20,235,Chris Soules,2,78.50184182236752
20,224,Suzanne Somers,3,0.0
20,225,Willow Shields,3,0.0
20,226,Riker Lynch,3,0.0
20,227,Rumer Willis,3,0.0
20,228,Nastia Liukin,3,0.0
20,229,Michael Sam,3,0.0
20,230,Robert Herjavec,3,0.0
20,231,Charlotte McKinney,3,76.90070745693656
20,232,Noah Galloway,3,0.0
20,234,Patti LaBelle,3,78.52327025759122
20,235,Chris Soules,3,0.0
20,224,Suzanne Somers,4,0.0
20,225,Willow Shields,4,0.0
20,226,Riker Lynch,4,0.0
20,227,Rumer Willis,4,0.0
20,228,Nastia Liukin,4,0.0
20,229,Michael Sam,4,0.0
20,230,Robert Herjavec,4,0.0
20,232,Noah Galloway,4,0.0
20,234,Patti LaBelle,4,0.0
20,235,Chris Soules,4,77.54867891221856
20,224,Suzanne Somers,5,0.0
20,225,Willow Shields,5,0.0
20,226,Riker Lynch,5,0.0
20,227,Rumer Willis,5,0.0
20,228,Nastia Liukin,5,0.0
20,230,Robert Herjavec,5,80.03496267315207
20,232,Noah Galloway,5,0.0
20,234,Patti LaBelle,5,0.0
20,235,Chris Soules,5,0.0
20,225,Willow Shields,6,0.0
20,226,Riker Lynch,6,0.0
20,227,Rumer Willis,6,0.0
20,228,Nastia Liukin,6,0.0
20,230,Robert Herjavec,6,76.96897567977628
20,232,Noah Galloway,6,0.0
20,234,Patti LaBelle,6,0.0
20,235,Chris Soules,6,0.0
20,225,Willow Shields,7,0.0
20,226,Riker Lynch,7,0.0
20,227,Rumer Willis,7,0.0
20,228,Nastia Liukin,7,0.0
20,230,Robert Herjavec,7,0.0
20,232,Noah Galloway,7,0.0
20,235,Chris Soules,7,78.59394573559892
20,226,Riker Lynch,8,0.0
20,227,Rumer Willis,8,0.0
20,228,Nastia Liukin,8,0.0
20,230,Robert Herjavec,8,82.11910749005948
20,232,Noah Galloway,8,0.0
20,235,Chris Soules,8,0.0
20,226,Riker Lynch,9,0.0
20,227,Rumer Willis,9,0.0
20,228,Nastia Liukin,9,0.0
20,232,Noah Galloway,9,78.8865089251377
20,226,Riker Lynch,10,0.0
20,227,Rumer Willis,10,0.0
20,232,Noah Galloway,10,0.0
21,236,Gary Busey,1,0.0
21,237,Alexa PenaVega,1,0.0
21,238,Carlos PenaVega,1,0.0
21,239,Victor Espinoza,1,0.0
21,240,Alek Skarlatos,1,0.0
21,241,Chaka Khan,1,0.0
21,242,Andy Grammer,1,0.0
21,243,Tamar Braxton,1,0.0
21,244,Nick Carter,1,0.0
21,245,Hayes Grier,1,0.0
21,246,Bindi Irwin,1,0.0
21,247,Kim Zolciak-Biermann,1,77.28463813799382
21,248,Paula Deen,1,0.0
21,236,Gary Busey,2,0.0
21,237,Alexa PenaVega,2,0.0
21,238,Carlos PenaVega,2,0.0
21,239,Victor Espinoza,2,0.0
21,240,Alek Skarlatos,2,0.0
21,241,Chaka Khan,2,78.9832861998563
21,242,Andy Grammer,2,0.0
21,243,Tamar Braxton,2,0.0
21,244,Nick Carter,2,0.0
21,245,Hayes Grier,2,0.0
21,246,Bindi Irwin,2,0.0
21,247,Kim Zolciak-Biermann,2,0.0
21,248,Paula Deen,2,0.0
21,236,Gary Busey,3,0.0
21,237,Alexa PenaVega,3,0.0
21,238,Carlos PenaVega,3,0.0
21,240,Alek Skarlatos,3,0.0
21,242,Andy Grammer,3,0.0
21,243,Tamar Braxton,3,0.0
21,244,Nick Carter,3,0.0
21,245,Hayes Grier,3,0.0
21,246,Bindi Irwin,3,0.0
21,248,Paula Deen,3,77.01841971605195
21,236,Gary Busey,4,0.0
21,237,Alexa PenaVega,4,0.0
21,238,Carlos PenaVega,4,0.0
21,240,Alek Skarlatos,4,0.0
21,242,Andy Grammer,4,0.0
21,243,Tamar Braxton,4,0.0
21,244,Nick Carter,4,0.0
21,245,Hayes Grier,4,0.0
21,246,Bindi Irwin,4,0.0
21,248,Paula Deen,4,0.0
21,237,Alexa PenaVega,5,0.0
21,238,Carlos PenaVega,5,0.0
21,240,Alek Skarlatos,5,0.0
21,242,Andy Grammer,5,0.0
21,243,Tamar Braxton,5,0.0
21,244,Nick Carter,5,0.0
21,245,Hayes Grier,5,0.0
21,246,Bindi Irwin,5,0.0
21,248,Paula Deen,5,0.0
21,237,Alexa PenaVega,6,0.0
21,238,Carlos PenaVega,6,0.0
21,240,Alek Skarlatos,6,0.0
21,242,Andy Grammer,6,0.0
21,243,Tamar Braxton,6,0.0
21,244,Nick Carter,6,0.0
21,245,Hayes Grier,6,0.0
21,246,Bindi Irwin,6,0.0
21,248,Paula Deen,6,79.81620812977086
21,237,Alexa PenaVega,7,0.0
21,238,Carlos PenaVega,7,0.0
21,240,Alek Skarlatos,7,78.8422356323113
21,242,Andy Grammer,7,0.0
21,243,Tamar Braxton,7,0.0
21,244,Nick Carter,7,0.0
21,245,Hayes Grier,7,0.0
21,246,Bindi Irwin,7,0.0
21,237,Alexa PenaVega,8,0.0
21,238,Carlos PenaVega,8,0.0
21,240,Alek Skarlatos,8,0.0
21,242,Andy Grammer,8,76.751172192339
21,243,Tamar Braxton,8,0.0
21,244,Nick Carter,8,0.0
21,246,Bindi Irwin,8,0.0
21,237,Alexa PenaVega,9,0.0
21,238,Carlos PenaVega,9,0.0
21,240,Alek Skarlatos,9,0.0
21,243,Tamar Braxton,9,0.0
21,244,Nick Carter,9,0.0
21,246,Bindi Irwin,9,0.0
21,238,Carlos PenaVega,10,0.0
21,240,Alek Skarlatos,10,0.0
21,244,Nick Carter,10,78.90499164789846
21,246,Bindi Irwin,10,0.0
21,238,Carlos PenaVega,11,0.0
21,240,Alek Skarlatos,11,0.0
21,244,Nick Carter,11,0.0
21,246,Bindi Irwin,11,0.0
22,249,Mischa Barton,1,0.0
22,250,Kim Fields,1,0.0
22,251,Jodie Sweetin,1,0.0
22,252,Doug Flutie,1,0.0
22,253,Von Miller,1,0.0
22,254,Antonio Brown,1,0.0
22,255,Paige VanZant,1,0.0
22,256,Geraldo Rivera,1,0.0
22,257,Nyle DiMarco,1,0.0
22,258,Ginger Zee,1,0.0
22,259,Wanya Morris,1,0.0
22,260,Marla Maples,1,0.0
22,249,Mischa Barton,2,0.0
22,250,Kim Fields,2,0.0
22,251,Jodie Sweetin,2,0.0
22,252,Doug Flutie,2,0.0
22,253,Von Miller,2,0.0
22,254,Antonio Brown,2,0.0
22,255,Paige VanZant,2,0.0
22,256,Geraldo Rivera,2,76.63959832722635
22,257,Nyle DiMarco,2,0.0
22,258,Ginger Zee,2,0.0
22,259,Wanya Morris,2,0.0
22,260,Marla Maples,2,0.0
22,249,Mischa Barton,3,76.58018135644745
22,250,Kim Fields,3,0.0
22,251,Jodie Sweetin,3,0.0
22,252,Doug Flutie,3,0.0
22,253,Von Miller,3,0.0
22,254,Antonio Brown,3,0.0
22,255,Paige VanZant,3,0.0
22,257,Nyle DiMarco,3,0.0
22,258,Ginger Zee,3,0.0
22,259,Wanya Morris,3,0.0
22,260,Marla Maples,3,0.0
22,250,Kim Fields,4,0.0
22,251,Jodie Sweetin,4,0.0
22,252,Doug Flutie,4,0.0
22,253,Von Miller,4,0.0
22,254,Antonio Brown,4,0.0
22,255,Paige VanZant,4,0.0
22,257,Nyle DiMarco,4,0.0
22,258,Ginger Zee,4,0.0
22,259,Wanya Morris,4,0.0
22,260,Marla Maples,4,0.0
22,250,Kim Fields,5,0.0
22,251,Jodie Sweetin,5,0.0
22,252,Doug Flutie,5,0.0
22,253,Von Miller,5,0.0
22,254,Antonio Brown,5,82.52702384827921
22,255,Paige VanZant,5,0.0
22,257,Nyle DiMarco,5,0.0
22,258,Ginger Zee,5,0.0
22,259,Wanya Morris,5,0.0
22,250,Kim Fields,6,0.0
22,251,Jodie Sweetin,6,0.0
22,252,Doug Flutie,6,77.56300848777703
22,253,Von Miller,6,0.0
22,254,Antonio Brown,6,0.0
22,255,Paige VanZant,6,0.0
22,257,Nyle DiMarco,6,0.0
22,258,Ginger Zee,6,0.0
22,259,Wanya Morris,6,0.0
22,250,Kim Fields,7,0.0
22,251,Jodie Sweetin,7,0.0
22,253,Von Miller,7,0.0
22,254,Antonio Brown,7,0.0
22,255,Paige VanZant,7,0.0
22,257,Nyle DiMarco,7,0.0
22,258,Ginger Zee,7,0.0
22,259,Wanya Morris,7,0.0
22,251,Jodie Sweetin,8,0.0
22,254,Antonio Brown,8,0.0
22,255,Paige VanZant,8,0.0
22,257,Nyle DiMarco,8,0.0
22,258,Ginger Zee,8,0.0
22,259,Wanya Morris,8,77.05288127985195
22,254,Antonio Brown,9,85.3030369109349
22,255,Paige VanZant,9,0.0
22,257,Nyle DiMarco,9,0.0
22,258,Ginger Zee,9,0.0
22,259,Wanya Morris,9,0.0
22,255,Paige VanZant,10,0.0
22,257,Nyle DiMarco,10,0.0
22,258,Ginger Zee,10,0.0
23,261,Jake T. Austin,1,0.0
23,262,Maureen McCormick,1,0.0
23,263,Marilu Henner,1,0.0
23,264,Ryan Lochte,1,0.0
23,265,Calvin Johnson Jr.,1,0.0
23,266,Laurie Hernandez,1,0.0
23,267,Amber Rose,1,0.0
23,268,Rick Perry,1,78.20369993464344
23,269,James Hinchcliffe,1,0.0
23,270,Babyface,1,0.0
23,271,Vanilla Ice,1,0.0
23,272,Jana Kramer,1,0.0
23,273,Terra Jole,1,0.0
23,261,Jake T. Austin,2,0.0
23,262,Maureen McCormick,2,0.0
23,263,Marilu Henner,2,0.0
23,264,Ryan Lochte,2,0.0
23,265,Calvin Johnson Jr.,2,0.0
23,266,Laurie Hernandez,2,0.0
23,267,Amber Rose,2,0.0
23,268,Rick Perry,2,0.0
23,269,James Hinchcliffe,2,0.0
23,270,Babyface,2,0.0
23,271,Vanilla Ice,2,0.0
23,272,Jana Kramer,2,0.0
23,273,Terra Jole,2,0.0
23,262,Maureen McCormick,3,0.0
23,263,Marilu Henner,3,0.0
23,264,Ryan Lochte,3,0.0
23,265,Calvin Johnson Jr.,3,0.0
23,266,Laurie Hernandez,3,0.0
23,267,Amber Rose,3,0.0
23,268,Rick Perry,3,76.81709615099102
23,269,James Hinchcliffe,3,0.0
23,270,Babyface,3,0.0
23,271,Vanilla Ice,3,77.17139747986735
23,272,Jana Kramer,3,0.0
23,273,Terra Jole,3,0.0
23,262,Maureen McCormick,4,0.0
23,263,Marilu Henner,4,0.0
23,264,Ryan Lochte,4,0.0
23,265,Calvin Johnson Jr.,4,0.0
23,266,Laurie Hernandez,4,0.0
23,267,Amber Rose,4,0.0
23,269,James Hinchcliffe,4,0.0
23,270,Babyface,4,77.5081574398007
23,271,Vanilla Ice,4,0.0
23,272,Jana Kramer,4,0.0
23,273,Terra Jole,4,0.0
23,262,Maureen McCormick,5,78.89143300749683
23,263,Marilu Henner,5,0.0
23,264,Ryan Lochte,5,76.6026518563027
23,265,Calvin Johnson Jr.,5,77.48222672092082
23,266,Laurie Hernandez,5,0.0
23,267,Amber Rose,5,0.0
23,269,James Hinchcliffe,5,0.0
23,272,Jana Kramer,5,0.0
23,273,Terra Jole,5,0.0
23,262,Maureen McCormick,6,0.0
23,263,Marilu Henner,6,0.0
23,264,Ryan Lochte,6,0.0
23,265,Calvin Johnson Jr.,6,0.0
23,266,Laurie Hernandez,6,0.0
23,267,Amber Rose,6,76.7342271311117
23,269,James Hinchcliffe,6,0.0
23,272,Jana Kramer,6,0.0
23,273,Terra Jole,6,0.0
23,262,Maureen McCormick,7,0.0
23,263,Marilu Henner,7,77.28005472595636
23,264,Ryan Lochte,7,0.0
23,265,Calvin Johnson Jr.,7,0.0
23,266,Laurie Hernandez,7,0.0
23,269,James Hinchcliffe,7,0.0
23,272,Jana Kramer,7,0.0
23,273,Terra Jole,7,0.0
23,263,Marilu Henner,8,0.0
23,264,Ryan Lochte,8,0.0
23,265,Calvin Johnson Jr.,8,0.0
23,266,Laurie Hernandez,8,0.0
23,269,James Hinchcliffe,8,0.0
23,272,Jana Kramer,8,0.0
23,273,Terra Jole,8,0.0
23,263,Marilu Henner,9,82.60272602846109
23,265,Calvin Johnson Jr.,9,0.0
23,266,Laurie Hernandez,9,0.0
23,269,James Hinchcliffe,9,82.16595090223626
23,272,Jana Kramer,9,0.0
23,273,Terra Jole,9,0.0
23,265,Calvin Johnson Jr.,10,87.9209816837303
23,266,Laurie Hernandez,10,0.0
23,269,James Hinchcliffe,10,0.0
23,272,Jana Kramer,10,0.0
23,273,Terra Jole,10,0.0
23,265,Calvin Johnson Jr.,11,0.0
23,266,Laurie Hernandez,11,0.0
23,269,James Hinchcliffe,11,0.0
23,272,Jana Kramer,11,81.05788204593534
24,274,Charo,1,0.0
24,275,Mr. T,1,0.0
24,276,Heather Morris,1,0.0
24,277,Nancy Kerrigan,1,0.0
24,278,Bonner Bolton,1,0.0
24,279,Simone Biles,1,0.0
24,280,David Ross,1,0.0
24,281,Rashad Jennings,1,0.0
24,282,Chris Kattan,1,0.0
24,283,Erika Jayne,1,0.0
24,284,Normani,1,0.0
24,285,Nick Viall,1,0.0
24,274,Charo,2,0.0
24,275,Mr. T,2,77.52414937802845
24,276,Heather Morris,2,0.0
24,277,Nancy Kerrigan,2,0.0
24,278,Bonner Bolton,2,0.0
24,279,Simone Biles,2,0.0
24,280,David Ross,2,0.0
24,281,Rashad Jennings,2,0.0
24,282,Chris Kattan,2,77.38092580039758
24,283,Erika Jayne,2,0.0
24,284,Normani,2,0.0
24,285,Nick Viall,2,0.0
24,274,Charo,3,76.48537195354814
24,275,Mr. T,3,0.0
24,276,Heather Morris,3,0.0
24,277,Nancy Kerrigan,3,0.0
24,278,Bonner Bolton,3,77.14151443060425
24,279,Simone Biles,3,0.0
24,280,David Ross,3,0.0
24,281,Rashad Jennings,3,0.0
24,283,Erika Jayne,3,0.0
24,284,Normani,3,0.0
24,285,Nick Viall,3,0.0
24,275,Mr. T,4,76.93574572533137
24,276,Heather Morris,4,0.0
24,277,Nancy Kerrigan,4,0.0
24,278,Bonner Bolton,4,0.0
24,279,Simone Biles,4,0.0
24,280,David Ross,4,0.0
24,281,Rashad Jennings,4,0.0
24,283,Erika Jayne,4,0.0
24,284,Normani,4,0.0
24,285,Nick Viall,4,0.0
24,276,Heather Morris,5,0.0
24,277,Nancy Kerrigan,5,0.0
24,278,Bonner Bolton,5,0.0
24,279,Simone Biles,5,0.0
24,280,David Ross,5,81.2644730134856
24,281,Rashad Jennings,5,0.0
24,283,Erika Jayne,5,0.0
24,284,Normani,5,0.0
24,285,Nick Viall,5,0.0
24,276,Heather Morris,6,0.0
24,277,Nancy Kerrigan,6,0.0
24,278,Bonner Bolton,6,0.0
24,279,Simone Biles,6,0.0
24,280,David Ross,6,0.0
24,281,Rashad Jennings,6,0.0
24,284,Normani,6,0.0
24,285,Nick Viall,6,77.56439132601399
24,277,Nancy Kerrigan,7,0.0
24,278,Bonner Bolton,7,79.75227234955281
24,279,Simone Biles,7,0.0
24,280,David Ross,7,0.0
24,281,Rashad Jennings,7,0.0
24,284,Normani,7,0.0
24,285,Nick Viall,7,0.0
24,278,Bonner Bolton,8,0.0
24,279,Simone Biles,8,0.0
24,280,David Ross,8,0.0
24,281,Rashad Jennings,8,0.0
24,284,Normani,8,0.0
24,279,Simone Biles,9,0.0
24,280,David Ross,9,82.6402651655682
24,281,Rashad Jennings,9,0.0
24,284,Normani,9,0.0
24,280,David Ross,10,95.93935704507363
24,281,Rashad Jennings,10,0.0
24,284,Normani,10,0.0
25,286,Sasha Pieterse,1,0.0
25,287,Frankie Muniz,1,0.0
25,288,Jordan Fisher,1,0.0
25,289,Derek Fisher,1,0.0
25,290,Nikki Bella,1,0.0
25,291,Terrell Owens,1,0.0
25,292,Victoria Arlen,1,0.0
25,293,Barbara Corcoran,1,0.0
25,294,Lindsey Stirling,1,0.0
25,295,Debbie Gibson,1,0.0
25,296,Nick Lachey,1,0.0
25,297,Drew Scott,1,0.0
25,298,Vanessa Lachey,1,0.0
25,286,Sasha Pieterse,2,0.0
25,287,Frankie Muniz,2,0.0
25,288,Jordan Fisher,2,0.0
25,289,Derek Fisher,2,0.0
25,290,Nikki Bella,2,0.0
25,291,Terrell Owens,2,0.0
25,292,Victoria Arlen,2,0.0
25,293,Barbara Corcoran,2,77.59779027931609
25,294,Lindsey Stirling,2,0.0
25,295,Debbie Gibson,2,0.0
25,296,Nick Lachey,2,0.0
25,297,Drew Scott,2,0.0
25,298,Vanessa Lachey,2,0.0
25,286,Sasha Pieterse,3,76.98934457652365
25,287,Frankie Muniz,3,0.0
25,288,Jordan Fisher,3,0.0
25,289,Derek Fisher,3,0.0
25,290,Nikki Bella,3,0.0
25,291,Terrell Owens,3,0.0
25,292,Victoria Arlen,3,0.0
25,294,Lindsey Stirling,3,0.0
25,296,Nick Lachey,3,0.0
25,297,Drew Scott,3,0.0
25,298,Vanessa Lachey,3,0.0
25,286,Sasha Pieterse,4,0.0
25,287,Frankie Muniz,4,0.0
25,288,Jordan Fisher,4,0.0
25,289,Derek Fisher,4,0.0
25,290,Nikki Bella,4,0.0
25,291,Terrell Owens,4,0.0
25,292,Victoria Arlen,4,0.0
25,294,Lindsey Stirling,4,0.0
25,296,Nick Lachey,4,78.32417481414822
25,297,Drew Scott,4,0.0
25,298,Vanessa Lachey,4,0.0
25,286,Sasha Pieterse,5,0.0
25,287,Frankie Muniz,5,0.0
25,288,Jordan Fisher,5,0.0
25,290,Nikki Bella,5,0.0
25,291,Terrell Owens,5,0.0
25,292,Victoria Arlen,5,0.0
25,294,Lindsey Stirling,5,0.0
25,296,Nick Lachey,5,0.0
25,297,Drew Scott,5,0.0
25,298,Vanessa Lachey,5,0.0
25,287,Frankie Muniz,6,0.0
25,288,Jordan Fisher,6,0.0
25,290,Nikki Bella,6,0.0
25,291,Terrell Owens,6,0.0
25,292,Victoria Arlen,6,0.0
25,294,Lindsey Stirling,6,0.0
25,296,Nick Lachey,6,79.17069780568443
25,297,Drew Scott,6,0.0
25,298,Vanessa Lachey,6,0.0
25,287,Frankie Muniz,7,0.0
25,288,Jordan Fisher,7,0.0
25,290,Nikki Bella,7,78.47480385790982
25,291,Terrell Owens,7,0.0
25,292,Victoria Arlen,7,0.0
25,294,Lindsey Stirling,7,0.0
25,297,Drew Scott,7,0.0
25,298,Vanessa Lachey,7,0.0
25,287,Frankie Muniz,8,0.0
25,288,Jordan Fisher,8,0.0
25,291,Terrell Owens,8,0.0
25,292,Victoria Arlen,8,0.0
25,294,Lindsey Stirling,8,0.0
25,297,Drew Scott,8,79.29512446679037
25,287,Frankie Muniz,9,0.0
25,288,Jordan Fisher,9,0.0
25,292,Victoria Arlen,9,0.0
25,294,Lindsey Stirling,9,0.0
25,297,Drew Scott,9,77.29680677528346
25,287,Frankie Muniz,10,0.0
25,288,Jordan Fisher,10,0.0
25,294,Lindsey Stirling,10,0.0
25,297,Drew Scott,10,0.0
26,299,Jamie Anderson,1,0.0
26,300,Johnny Damon,1,0.0
26,301,Kareem Abdul-Jabbar,1,79.29653723224878
26,302,Arike Ogunbowale,1,0.0
26,303,Jennie Finch Daigle,1,0.0
26,304,Chris Mazdzer,1,0.0
26,305,Mirai Nagasu,1,0.0
26,306,Tonya Harding,1,0.0
26,307,Josh Norman,1,0.0
26,308,Adam Rippon,1,0.0
26,301,Kareem Abdul-Jabbar,2,78.88436177373971
26,302,Arike Ogunbowale,2,0.0
26,303,Jennie Finch Daigle,2,0.0
26,304,Chris Mazdzer,2,0.0
26,305,Mirai Nagasu,2,0.0
26,306,Tonya Harding,2,0.0
26,307,Josh Norman,2,0.0
26,308,Adam Rippon,2,0.0
26,303,Jennie Finch Daigle,3,91.21217517927185
26,304,Chris Mazdzer,3,0.0
26,305,Mirai Nagasu,3,0.0
26,306,Tonya Harding,3,0.0
26,307,Josh Norman,3,0.0
26,308,Adam Rippon,3,0.0
26,306,Tonya Harding,4,91.72282885134379
26,307,Josh Norman,4,0.0
26,308,Adam Rippon,4,0.0
27,309,Juan Pablo Di Pace,1,0.0
27,310,Evanna Lynch,1,0.0
27,311,Nancy McKeon,1,0.0
27,312,John Schneider,1,0.0
27,313,Milo Manheim,1,0.0
27,314,Danelle Umstead,1,0.0
27,315,Mary Lou Retton,1,0.0
27,316,DeMarcus Ware,1,0.0
27,317,Nikki Glaser,1,0.0
27,318,Bobby Bones,1,0.0
27,319,Tinashe,1,0.0
27,320,Alexis Ren,1,0.0
27,321,Joe Amabile,1,77.14959137591127
27,309,Juan Pablo Di Pace,2,0.0
27,310,Evanna Lynch,2,0.0
27,311,Nancy McKeon,2,0.0
27,312,John Schneider,2,0.0
27,313,Milo Manheim,2,0.0
27,314,Danelle Umstead,2,0.0
27,315,Mary Lou Retton,2,0.0
27,316,DeMarcus Ware,2,0.0
27,318,Bobby Bones,2,0.0
27,319,Tinashe,2,0.0
27,320,Alexis Ren,2,0.0
27,321,Joe Amabile,2,88.28677782305495
27,309,Juan Pablo Di Pace,3,0.0
27,310,Evanna Lynch,3,0.0
27,311,Nancy McKeon,3,0.0
27,312,John Schneider,3,0.0
27,313,Milo Manheim,3,0.0
27,315,Mary Lou Retton,3,0.0
27,316,DeMarcus Ware,3,0.0
27,318,Bobby Bones,3,0.0
27,319,Tinashe,3,0.0
27,320,Alexis Ren,3,0.0
27,321,Joe Amabile,3,80.99553364291269
27,309,Juan Pablo Di Pace,4,0.0
27,310,Evanna Lynch,4,0.0
27,312,John Schneider,4,0.0
27,313,Milo Manheim,4,0.0
27,315,Mary Lou Retton,4,0.0
27,316,DeMarcus Ware,4,0.0
27,318,Bobby Bones,4,0.0
27,319,Tinashe,4,0.0
27,320,Alexis Ren,4,0.0
27,321,Joe Amabile,4,77.30678990963104
27,309,Juan Pablo Di Pace,5,0.0
27,310,Evanna Lynch,5,0.0
27,312,John Schneider,5,0.0
27,313,Milo Manheim,5,0.0
27,315,Mary Lou Retton,5,0.0
27,316,DeMarcus Ware,5,0.0
27,318,Bobby Bones,5,0.0
27,320,Alexis Ren,5,0.0
27,321,Joe Amabile,5,79.16816490705088
27,309,Juan Pablo Di Pace,6,0.0
27,310,Evanna Lynch,6,0.0
27,312,John Schneider,6,0.0
27,313,Milo Manheim,6,0.0
27,315,Mary Lou Retton,6,0.0
27,316,DeMarcus Ware,6,0.0
27,318,Bobby Bones,6,0.0
27,320,Alexis Ren,6,0.0
27,321,Joe Amabile,6,0.0
27,309,Juan Pablo Di Pace,7,0.0
27,310,Evanna Lynch,7,0.0
27,312,John Schneider,7,0.0
27,313,Milo Manheim,7,0.0
27,316,DeMarcus Ware,7,0.0
27,318,Bobby Bones,7,0.0
27,320,Alexis Ren,7,0.0
27,321,Joe Amabile,7,78.2946573386977
27,309,Juan Pablo Di Pace,8,0.0
27,310,Evanna Lynch,8,0.0
27,313,Milo Manheim,8,0.0
27,318,Bobby Bones,8,79.18478603454157
27,320,Alexis Ren,8,0.0
27,321,Joe Amabile,8,0.0
27,310,Evanna Lynch,9,0.0
27,313,Milo Manheim,9,0.0
27,318,Bobby Bones,9,80.51056632212558
27,320,Alexis Ren,9,0.0
28,322,Kate Flannery,1,0.0
28,323,James Van Der Beek,1,0.0
28,324,Kel Mitchell,1,0.0
28,325,Ray Lewis,1,0.0
28,326,Lamar Odom,1,77.08225977071054
28,327,Sailor Brinkley-Cook,1,0.0
28,328,Sean Spicer,1,0.0
28,329,Mary Wilson,1,0.0
28,330,Lauren Alaina,1,0.0
28,331,Ally Brooke,1,0.0
28,332,Karamo Brown,1,0.0
28,333,Hannah Brown,1,0.0
28,322,Kate Flannery,2,0.0
28,323,James Van Der Beek,2,0.0
28,324,Kel Mitchell,2,0.0
28,325,Ray Lewis,2,0.0
28,326,Lamar Odom,2,82.69788687479843
28,327,Sailor Brinkley-Cook,2,0.0
28,328,Sean Spicer,2,0.0
28,329,Mary Wilson,2,0.0
28,330,Lauren Alaina,2,0.0
28,331,Ally Brooke,2,0.0
28,332,Karamo Brown,2,0.0
28,333,Hannah Brown,2,0.0
28,322,Kate Flannery,3,0.0
28,323,James Van Der Beek,3,0.0
28,324,Kel Mitchell,3,0.0
28,326,Lamar Odom,3,0.0
28,327,Sailor Brinkley-Cook,3,0.0
28,328,Sean Spicer,3,0.0
28,330,Lauren Alaina,3,0.0
28,331,Ally Brooke,3,0.0
28,332,Karamo Brown,3,0.0
28,333,Hannah Brown,3,0.0
28,322,Kate Flannery,4,0.0
28,323,James Van Der Beek,4,0.0
28,324,Kel Mitchell,4,0.0
28,326,Lamar Odom,4,76.54304402709488
28,327,Sailor Brinkley-Cook,4,0.0
28,328,Sean Spicer,4,0.0
28,330,Lauren Alaina,4,0.0
28,331,Ally Brooke,4,0.0
28,332,Karamo Brown,4,0.0
28,333,Hannah Brown,4,0.0
28,322,Kate Flannery,5,0.0
28,323,James Van Der Beek,5,0.0
28,324,Kel Mitchell,5,0.0
28,327,Sailor Brinkley-Cook,5,0.0
28,328,Sean Spicer,5,78.94882505176055
28,330,Lauren Alaina,5,0.0
28,331,Ally Brooke,5,0.0
28,332,Karamo Brown,5,0.0
28,333,Hannah Brown,5,0.0
28,322,Kate Flannery,6,0.0
28,323,James Van Der Beek,6,0.0
28,324,Kel Mitchell,6,0.0
28,327,Sailor Brinkley-Cook,6,0.0
28,328,Sean Spicer,6,80.52854468457198
28,330,Lauren Alaina,6,0.0
28,331,Ally Brooke,6,0.0
28,332,Karamo Brown,6,0.0
28,333,Hannah Brown,6,0.0
28,322,Kate Flannery,7,0.0
28,323,James Van Der Beek,7,0.0
28,324,Kel Mitchell,7,0.0
28,328,Sean Spicer,7,0.0
28,330,Lauren Alaina,7,0.0
28,331,Ally Brooke,7,0.0
28,332,Karamo Brown,7,0.0
28,333,Hannah Brown,7,0.0
28,322,Kate Flannery,8,0.0
28,323,James Van Der Beek,8,0.0
28,324,Kel Mitchell,8,0.0
28,328,Sean Spicer,8,79.07800946436353
28,330,Lauren Alaina,8,0.0
28,331,Ally Brooke,8,0.0
28,333,Hannah Brown,8,0.0
28,323,James Van Der Beek,9,0.0
28,324,Kel Mitchell,9,0.0
28,328,Sean Spicer,9,77.81736963703875
28,330,Lauren Alaina,9,0.0
28,331,Ally Brooke,9,0.0
28,333,Hannah Brown,9,0.0
28,323,James Van Der Beek,10,78.9243998534051
28,324,Kel Mitchell,10,0.0
28,330,Lauren Alaina,10,0.0
28,331,Ally Brooke,10,0.0
28,333,Hannah Brown,10,0.0
28,324,Kel Mitchell,11,0.0
28,330,Lauren Alaina,11,76.94163185170814
28,331,Ally Brooke,11,0.0
28,333,Hannah Brown,11,0.0
29,334,Anne Heche,1,0.0
29,335,Jesse Metcalfe,1,0.0
29,336,Chrishell Stause,1,0.0
29,337,Skai Jackson,1,0.0
29,338,Justina Machado,1,0.0
29,339,Charles Oakley,1,0.0
29,340,Veron Davis,1,0.0
29,341,Johnny Weir,1,0.0
29,342,Nev Schulman,1,0.0
29,343,AJ McLean,1,0.0
29,344,Nelly,1,0.0
29,345,Kaitlyn Bristowe,1,0.0
29,346,Carole Baskin,1,79.83256775413007
29,347,Monica Aldama,1,0.0
29,348,Jeannie Mai,1,0.0
29,334,Anne Heche,2,0.0
29,335,Jesse Metcalfe,2,0.0
29,336,Chrishell Stause,2,0.0
29,337,Skai Jackson,2,78.83806532393123
29,338,Justina Machado,2,0.0
29,339,Charles Oakley,2,78.61916865581173
29,340,Veron Davis,2,0.0
29,341,Johnny Weir,2,0.0
29,342,Nev Schulman,2,0.0
29,343,AJ McLean,2,0.0
29,344,Nelly,2,0.0
29,345,Kaitlyn Bristowe,2,0.0
29,346,Carole Baskin,2,0.0
29,347,Monica Aldama,2,0.0
29,348,Jeannie Mai,2,0.0
29,334,Anne Heche,3,0.0
29,335,Jesse Metcalfe,3,0.0
29,336,Chrishell Stause,3,0.0
29,337,Skai Jackson,3,0.0
29,338,Justina Machado,3,0.0
29,340,Veron Davis,3,0.0
29,341,Johnny Weir,3,0.0
29,342,Nev Schulman,3,0.0
29,343,AJ McLean,3,0.0
29,344,Nelly,3,0.0
29,345,Kaitlyn Bristowe,3,0.0
29,346,Carole Baskin,3,78.70344650466832
29,347,Monica Aldama,3,0.0
29,348,Jeannie Mai,3,0.0
29,334,Anne Heche,4,77.6841897950381
29,335,Jesse Metcalfe,4,0.0
29,336,Chrishell Stause,4,0.0
29,337,Skai Jackson,4,0.0
29,338,Justina Machado,4,0.0
29,340,Veron Davis,4,0.0
29,341,Johnny Weir,4,0.0
29,342,Nev Schulman,4,0.0
29,343,AJ McLean,4,0.0
29,344,Nelly,4,77.57495148532232
29,345,Kaitlyn Bristowe,4,0.0
29,347,Monica Aldama,4,0.0
29,348,Jeannie Mai,4,77.81639874466781
29,335,Jesse Metcalfe,5,78.14428444094112
29,336,Chrishell Stause,5,81.86822314450586
29,337,Skai Jackson,5,0.0
29,338,Justina Machado,5,0.0
29,340,Veron Davis,5,0.0
29,341,Johnny Weir,5,0.0
29,342,Nev Schulman,5,0.0
29,343,AJ McLean,5,0.0
29,344,Nelly,5,0.0
29,345,Kaitlyn Bristowe,5,0.0
29,347,Monica Aldama,5,0.0
29,348,Jeannie Mai,5,0.0
29,336,Chrishell Stause,6,0.0
29,337,Skai Jackson,6,83.51464822409702
29,338,Justina Machado,6,0.0
29,340,Veron Davis,6,0.0
29,341,Johnny Weir,6,0.0
29,342,Nev Schulman,6,0.0
29,343,AJ McLean,6,0.0
29,344,Nelly,6,0.0
29,345,Kaitlyn Bristowe,6,0.0
29,347,Monica Aldama,6,0.0
29,348,Jeannie Mai,6,0.0
29,336,Chrishell Stause,7,0.0
29,337,Skai Jackson,7,0.0
29,338,Justina Machado,7,0.0
29,341,Johnny Weir,7,0.0
29,342,Nev Schulman,7,0.0
29,343,AJ McLean,7,0.0
29,344,Nelly,7,0.0
29,345,Kaitlyn Bristowe,7,0.0
29,347,Monica Aldama,7,78.34206436485897
29,348,Jeannie Mai,7,0.0
29,336,Chrishell Stause,8,0.0
29,337,Skai Jackson,8,0.0
29,338,Justina Machado,8,0.0
29,341,Johnny Weir,8,0.0
29,342,Nev Schulman,8,0.0
29,343,AJ McLean,8,0.0
29,344,Nelly,8,76.73323077630604
29,345,Kaitlyn Bristowe,8,0.0
29,337,Skai Jackson,9,0.0
29,338,Justina Machado,9,0.0
29,341,Johnny Weir,9,0.0
29,342,Nev Schulman,9,0.0
29,343,AJ McLean,9,0.0
29,344,Nelly,9,78.72379077365886
29,345,Kaitlyn Bristowe,9,0.0
29,337,Skai Jackson,10,0.0
29,338,Justina Machado,10,0.0
29,341,Johnny Weir,10,0.0
29,342,Nev Schulman,10,0.0
29,344,Nelly,10,81.0919923192355
29,345,Kaitlyn Bristowe,10,0.0
29,338,Justina Machado,11,0.0
29,342,Nev Schulman,11,0.0
29,344,Nelly,11,80.46194936640822
29,345,Kaitlyn Bristowe,11,0.0
30,349,Martin Kove,1,0.0
30,350,Brian Austin Green,1,0.0
30,351,Melora Hardin,1,0.0
30,352,Matt James,1,0.0
30,353,"Mike ""The Miz"" Mizanin",1,0.0
30,354,Suni Lee,1,0.0
30,355,Iman Shumpert,1,0.0
30,356,Cody Rigsby,1,0.0
30,357,Melanie C,1,0.0
30,358,Jimmie Allen,1,0.0
30,359,Olivia Jade,1,0.0
30,360,JoJo Siwa,1,0.0
30,361,Christine Chiu,1,0.0
30,362,Kenya Moore,1,0.0
30,363,Amanda Kloots,1,0.0
30,349,Martin Kove,2,76.94164552115528
30,350,Brian Austin Green,2,0.0
30,351,Melora Hardin,2,0.0
30,352,Matt James,2,0.0
30,353,"Mike ""The Miz"" Mizanin",2,0.0
30,354,Suni Lee,2,0.0
30,355,Iman Shumpert,2,0.0
30,356,Cody Rigsby,2,0.0
30,357,Melanie C,2,0.0
30,358,Jimmie Allen,2,0.0
30,359,Olivia Jade,2,0.0
30,360,JoJo Siwa,2,0.0
30,361,Christine Chiu,2,0.0
30,362,Kenya Moore,2,0.0
30,363,Amanda Kloots,2,0.0
30,350,Brian Austin Green,3,0.0
30,351,Melora Hardin,3,0.0
30,352,Matt James,3,0.0
30,353,"Mike ""The Miz"" Mizanin",3,0.0
30,354,Suni Lee,3,0.0
30,355,Iman Shumpert,3,0.0
30,356,Cody Rigsby,3,76.53966446449726
30,357,Melanie C,3,0.0
30,358,Jimmie Allen,3,0.0
30,359,Olivia Jade,3,0.0
30,360,JoJo Siwa,3,0.0
30,361,Christine Chiu,3,0.0
30,362,Kenya Moore,3,0.0
30,363,Amanda Kloots,3,0.0
30,350,Brian Austin Green,4,78.28445737466261
30,351,Melora Hardin,4,0.0
30,352,Matt James,4,0.0
30,353,"Mike ""The Miz"" Mizanin",4,0.0
30,354,Suni Lee,4,0.0
30,355,Iman Shumpert,4,0.0
30,356,Cody Rigsby,4,0.0
30,357,Melanie C,4,0.0
30,358,Jimmie Allen,4,0.0
30,359,Olivia Jade,4,0.0
30,360,JoJo Siwa,4,0.0
30,362,Kenya Moore,4,0.0
30,363,Amanda Kloots,4,0.0
30,351,Melora Hardin,5,0.0
30,353,"Mike ""The Miz"" Mizanin",5,0.0
30,354,Suni Lee,5,0.0
30,355,Iman Shumpert,5,76.72456832657669
30,356,Cody Rigsby,5,0.0
30,357,Melanie C,5,0.0
30,358,Jimmie Allen,5,0.0
30,359,Olivia Jade,5,0.0
30,360,JoJo Siwa,5,0.0
30,362,Kenya Moore,5,0.0
30,363,Amanda Kloots,5,0.0
30,351,Melora Hardin,6,0.0
30,353,"Mike ""The Miz"" Mizanin",6,0.0
30,354,Suni Lee,6,0.0
30,355,Iman Shumpert,6,0.0
30,356,Cody Rigsby,6,0.0
30,358,Jimmie Allen,6,0.0
30,359,Olivia Jade,6,0.0
30,360,JoJo Siwa,6,0.0
30,362,Kenya Moore,6,0.0
30,363,Amanda Kloots,6,0.0
30,351,Melora Hardin,7,0.0
30,353,"Mike ""The Miz"" Mizanin",7,0.0
30,354,Suni Lee,7,0.0
30,355,Iman Shumpert,7,0.0
30,356,Cody Rigsby,7,0.0
30,358,Jimmie Allen,7,0.0
30,359,Olivia Jade,7,0.0
30,360,JoJo Siwa,7,0.0
30,363,Amanda Kloots,7,0.0
30,351,Melora Hardin,8,0.0
30,354,Suni Lee,8,0.0
30,355,Iman Shumpert,8,0.0
30,356,Cody Rigsby,8,0.0
30,358,Jimmie Allen,8,80.47935136634685
30,359,Olivia Jade,8,0.0
30,360,JoJo Siwa,8,0.0
30,363,Amanda Kloots,8,0.0
30,351,Melora Hardin,9,0.0
30,354,Suni Lee,9,0.0
30,355,Iman Shumpert,9,0.0
30,356,Cody Rigsby,9,96.18421467927864
30,360,JoJo Siwa,9,0.0
30,363,Amanda Kloots,9,0.0
30,355,Iman Shumpert,10,0.0
30,356,Cody Rigsby,10,95.28686550037001
30,360,JoJo Siwa,10,0.0
30,363,Amanda Kloots,10,0.0
31,364,Jason Lewis,1,0.0
31,365,Cheryl Ladd,1,0.0
31,366,Selma Blair,1,0.0
31,367,Joseph Baena,1,0.0
31,368,Trevor Donovan,1,0.0
31,369,Daniel Durant,1,0.0
31,370,Wayne Brady,1,0.0
31,371,Sam Champion,1,0.0
31,372,Jessie James Decker,1,0.0
31,373,Jordin Sparks,1,0.0
31,374,Heidi D'Amelio,1,0.0
31,375,Charli D'Amelio,1,0.0
31,376,Teresa Giudice,1,0.0
31,377,Vinny Guadagnino,1,76.93472283122878
31,378,Shangela,1,0.0
31,379,Gabby Windey,1,0.0
31,365,Cheryl Ladd,2,79.96735133471888
31,366,Selma Blair,2,0.0
31,367,Joseph Baena,2,0.0
31,368,Trevor Donovan,2,0.0
31,369,Daniel Durant,2,0.0
31,370,Wayne Brady,2,0.0
31,371,Sam Champion,2,0.0
31,372,Jessie James Decker,2,0.0
31,373,Jordin Sparks,2,0.0
31,374,Heidi D'Amelio,2,0.0
31,375,Charli D'Amelio,2,0.0
31,376,Teresa Giudice,2,0.0
31,377,Vinny Guadagnino,2,0.0
31,378,Shangela,2,0.0
31,379,Gabby Windey,2,0.0
31,365,Cheryl Ladd,3,0.0
31,366,Selma Blair,3,0.0
31,367,Joseph Baena,3,0.0
31,368,Trevor Donovan,3,0.0
31,369,Daniel Durant,3,0.0
31,370,Wayne Brady,3,0.0
31,371,Sam Champion,3,0.0
31,372,Jessie James Decker,3,0.0
31,373,Jordin Sparks,3,0.0
31,374,Heidi D'Amelio,3,0.0
31,375,Charli D'Amelio,3,0.0
31,377,Vinny Guadagnino,3,80.22187470819281
31,378,Shangela,3,0.0
31,379,Gabby Windey,3,0.0
31,366,Selma Blair,4,0.0
31,367,Joseph Baena,4,0.0
31,368,Trevor Donovan,4,0.0
31,369,Daniel Durant,4,0.0
31,370,Wayne Brady,4,0.0
31,371,Sam Champion,4,0.0
31,372,Jessie James Decker,4,0.0
31,373,Jordin Sparks,4,0.0
31,374,Heidi D'Amelio,4,0.0
31,375,Charli D'Amelio,4,0.0
31,377,Vinny Guadagnino,4,0.0
31,378,Shangela,4,0.0
31,379,Gabby Windey,4,0.0
31,366,Selma Blair,5,0.0
31,367,Joseph Baena,5,0.0
31,368,Trevor Donovan,5,0.0
31,369,Daniel Durant,5,0.0
31,370,Wayne Brady,5,0.0
31,372,Jessie James Decker,5,0.0
31,373,Jordin Sparks,5,0.0
31,374,Heidi D'Amelio,5,0.0
31,375,Charli D'Amelio,5,0.0
31,377,Vinny Guadagnino,5,80.53212110563841
31,378,Shangela,5,0.0
31,379,Gabby Windey,5,0.0
31,368,Trevor Donovan,6,0.0
31,369,Daniel Durant,6,0.0
31,370,Wayne Brady,6,0.0
31,372,Jessie James Decker,6,0.0
31,373,Jordin Sparks,6,0.0
31,374,Heidi D'Amelio,6,0.0
31,375,Charli D'Amelio,6,0.0
31,377,Vinny Guadagnino,6,80.97729966764967
31,378,Shangela,6,0.0
31,379,Gabby Windey,6,0.0
31,368,Trevor Donovan,7,0.0
31,369,Daniel Durant,7,0.0
31,370,Wayne Brady,7,0.0
31,373,Jordin Sparks,7,0.0
31,374,Heidi D'Amelio,7,0.0
31,375,Charli D'Amelio,7,0.0
31,377,Vinny Guadagnino,7,78.08979675858768
31,378,Shangela,7,0.0
31,379,Gabby Windey,7,0.0
31,368,Trevor Donovan,8,0.0
31,369,Daniel Durant,8,0.0
31,370,Wayne Brady,8,0.0
31,374,Heidi D'Amelio,8,0.0
31,375,Charli D'Amelio,8,0.0
31,377,Vinny Guadagnino,8,79.12630527589415
31,378,Shangela,8,0.0
31,379,Gabby Windey,8,0.0
31,368,Trevor Donovan,9,83.05292027821379
31,369,Daniel Durant,9,0.0
31,370,Wayne Brady,9,0.0
31,375,Charli D'Amelio,9,0.0
31,378,Shangela,9,0.0
31,379,Gabby Windey,9,0.0
31,370,Wayne Brady,10,80.77858728507921
31,375,Charli D'Amelio,10,0.0
31,378,Shangela,10,83.76757479339537
31,379,Gabby Windey,10,0.0
32,380,Jamie Lynn Spears,1,0.0
32,381,Mira Sorvino,1,0.0
32,382,Barry Williams,1,0.0
32,383,Alyson Hannigan,1,0.0
32,384,Xochitl Gomez,1,0.0
32,385,Adrian Peterson,1,0.0
32,386,Matt Walsh,1,0.0
32,387,Tyson Beckford,1,77.95862227193552
32,388,Jason Mraz,1,0.0
32,389,Lele Pons,1,0.0
32,390,Harry Jowsey,1,79.15311326999444
32,391,Mauricio Umansky,1,0.0
32,392,Charity Lawson,1,0.0
32,393,Ariana Madix,1,0.0
32,380,Jamie Lynn Spears,2,0.0
32,381,Mira Sorvino,2,0.0
32,382,Barry Williams,2,0.0
32,383,Alyson Hannigan,2,0.0
32,384,Xochitl Gomez,2,0.0
32,385,Adrian Peterson,2,0.0
32,387,Tyson Beckford,2,0.0
32,388,Jason Mraz,2,0.0
32,389,Lele Pons,2,0.0
32,390,Harry Jowsey,2,0.0
32,391,Mauricio Umansky,2,77.47190736134222
32,392,Charity Lawson,2,0.0
32,393,Ariana Madix,2,0.0
32,381,Mira Sorvino,3,0.0
32,382,Barry Williams,3,0.0
32,383,Alyson Hannigan,3,0.0
32,384,Xochitl Gomez,3,0.0
32,385,Adrian Peterson,3,0.0
32,387,Tyson Beckford,3,0.0
32,388,Jason Mraz,3,0.0
32,389,Lele Pons,3,0.0
32,390,Harry Jowsey,3,0.0
32,391,Mauricio Umansky,3,0.0
32,392,Charity Lawson,3,0.0
32,393,Ariana Madix,3,0.0
32,381,Mira Sorvino,4,0.0
32,382,Barry Williams,4,78.28581490228322
32,383,Alyson Hannigan,4,76.69983043620657
32,384,Xochitl Gomez,4,0.0
32,385,Adrian Peterson,4,0.0
32,388,Jason Mraz,4,0.0
32,389,Lele Pons,4,0.0
32,390,Harry Jowsey,4,0.0
32,391,Mauricio Umansky,4,0.0
32,392,Charity Lawson,4,0.0
32,393,Ariana Madix,4,0.0
32,381,Mira Sorvino,5,0.0
32,382,Barry Williams,5,0.0
32,383,Alyson Hannigan,5,0.0
32,384,Xochitl Gomez,5,0.0
32,388,Jason Mraz,5,0.0
32,389,Lele Pons,5,0.0
32,390,Harry Jowsey,5,79.59232472173619
32,391,Mauricio Umansky,5,0.0
32,392,Charity Lawson,5,0.0
32,393,Ariana Madix,5,0.0
32,382,Barry Williams,6,0.0
32,383,Alyson Hannigan,6,0.0
32,384,Xochitl Gomez,6,0.0
32,388,Jason Mraz,6,0.0
32,389,Lele Pons,6,0.0
32,390,Harry Jowsey,6,77.68246810422879
32,391,Mauricio Umansky,6,0.0
32,392,Charity Lawson,6,0.0
32,393,Ariana Madix,6,0.0
32,382,Barry Williams,7,0.0
32,383,Alyson Hannigan,7,0.0
32,384,Xochitl Gomez,7,0.0
32,388,Jason Mraz,7,0.0
32,389,Lele Pons,7,0.0
32,390,Harry Jowsey,7,83.15427945244116
32,392,Charity Lawson,7,0.0
32,393,Ariana Madix,7,0.0
32,382,Barry Williams,8,0.0
32,383,Alyson Hannigan,8,0.0
32,384,Xochitl Gomez,8,0.0
32,388,Jason Mraz,8,0.0
32,390,Harry Jowsey,8,76.71167896422958
32,392,Charity Lawson,8,0.0
32,393,Ariana Madix,8,0.0
32,383,Alyson Hannigan,9,0.0
32,384,Xochitl Gomez,9,0.0
32,388,Jason Mraz,9,0.0
32,390,Harry Jowsey,9,0.0
32,392,Charity Lawson,9,0.0
32,393,Ariana Madix,9,0.0
32,383,Alyson Hannigan,10,0.0
32,384,Xochitl Gomez,10,0.0
32,388,Jason Mraz,10,0.0
32,392,Charity Lawson,10,0.0
32,393,Ariana Madix,10,0.0
32,383,Alyson Hannigan,11,76.72469199203096
32,384,Xochitl Gomez,11,0.0
32,388,Jason Mraz,11,0.0
32,392,Charity Lawson,11,0.0
32,393,Ariana Madix,11,0.0
33,394,Tori Spelling,1,0.0
33,395,Eric Roberts,1,76.7068853812631
33,396,Reginald VelJohnson,1,0.0
33,397,Chandler Kinney,1,0.0
33,398,Dwight Howard ,1,0.0
33,399,Danny Amendola,1,0.0
33,400,Stephen Nedoroscik,1,0.0
33,401,Ilona Maher,1,0.0
33,402,Anna Delvey,1,0.0
33,403,Brooks Nader,1,0.0
33,404,Phaedra Parks,1,0.0
33,405,Jenn Tran,1,0.0
33,406,Joey Graziadei,1,0.0
33,394,Tori Spelling,2,0.0
33,395,Eric Roberts,2,78.2613569505463
33,396,Reginald VelJohnson,2,77.56914272667215
33,397,Chandler Kinney,2,0.0
33,398,Dwight Howard ,2,0.0
33,399,Danny Amendola,2,0.0
33,400,Stephen Nedoroscik,2,0.0
33,401,Ilona Maher,2,0.0
33,402,Anna Delvey,2,0.0
33,403,Brooks Nader,2,0.0
33,404,Phaedra Parks,2,0.0
33,405,Jenn Tran,2,0.0
33,406,Joey Graziadei,2,0.0
33,395,Eric Roberts,3,0.0
33,396,Reginald VelJohnson,3,0.0
33,397,Chandler Kinney,3,0.0
33,398,Dwight Howard ,3,0.0
33,399,Danny Amendola,3,0.0
33,400,Stephen Nedoroscik,3,0.0
33,401,Ilona Maher,3,0.0
33,403,Brooks Nader,3,0.0
33,404,Phaedra Parks,3,0.0
33,405,Jenn Tran,3,0.0
33,406,Joey Graziadei,3,0.0
33,397,Chandler Kinney,4,0.0
33,398,Dwight Howard ,4,79.17032726244103
33,399,Danny Amendola,4,0.0
33,400,Stephen Nedoroscik,4,0.0
33,401,Ilona Maher,4,0.0
33,403,Brooks Nader,4,0.0
33,404,Phaedra Parks,4,0.0
33,405,Jenn Tran,4,0.0
33,406,Joey Graziadei,4,0.0
33,397,Chandler Kinney,5,0.0
33,398,Dwight Howard ,5,77.3974041226132
33,399,Danny Amendola,5,0.0
33,400,Stephen Nedoroscik,5,81.5630317120035
33,401,Ilona Maher,5,0.0
33,404,Phaedra Parks,5,76.96232661248717
33,405,Jenn Tran,5,0.0
33,406,Joey Graziadei,5,0.0
33,397,Chandler Kinney,6,0.0
33,398,Dwight Howard ,6,0.0
33,399,Danny Amendola,6,0.0
33,400,Stephen Nedoroscik,6,0.0
33,401,Ilona Maher,6,79.20598509451557
33,405,Jenn Tran,6,0.0
33,406,Joey Graziadei,6,0.0
33,397,Chandler Kinney,7,0.0
33,398,Dwight Howard ,7,92.48275111124906
33,399,Danny Amendola,7,0.0
33,400,Stephen Nedoroscik,7,0.0
33,401,Ilona Maher,7,0.0
33,406,Joey Graziadei,7,0.0
33,397,Chandler Kinney,8,0.0
33,399,Danny Amendola,8,0.0
33,400,Stephen Nedoroscik,8,88.09413752424705
33,401,Ilona Maher,8,0.0
33,406,Joey Graziadei,8,0.0
33,397,Chandler Kinney,9,0.0
33,399,Danny Amendola,9,0.0
33,400,Stephen Nedoroscik,9,0.0
33,401,Ilona Maher,9,0.0
33,406,Joey Graziadei,9,0.0
34,407,Corey Feldman,1,0.0
34,408,Danielle Fishel,1,0.0
34,409,Elaine Hendrix,1,0.0
34,410,Baron Davis,1,0.0
34,411,Jordan Chiles,1,0.0
34,412,Andy Richter,1,78.02012826769973
34,413,Robert Irwin,1,0.0
34,414,Hilaria Baldwin,1,0.0
34,415,Lauren Jauregui,1,0.0
34,416,Scott Hoying,1,0.0
34,417,Alix Earle,1,0.0
34,418,Jen Affleck,1,0.0
34,419,Whitney Leavitt,1,0.0
34,420,Dylan Efron,1,0.0
34,407,Corey Feldman,2,77.27729947455403
34,408,Danielle Fishel,2,0.0
34,409,Elaine Hendrix,2,0.0
34,410,Baron Davis,2,0.0
34,411,Jordan Chiles,2,0.0
34,412,Andy Richter,2,0.0
34,413,Robert Irwin,2,0.0
34,414,Hilaria Baldwin,2,0.0
34,415,Lauren Jauregui,2,0.0
34,416,Scott Hoying,2,0.0
34,417,Alix Earle,2,0.0
34,418,Jen Affleck,2,0.0
34,419,Whitney Leavitt,2,0.0
34,420,Dylan Efron,2,0.0
34,408,Danielle Fishel,3,0.0
34,409,Elaine Hendrix,3,0.0
34,411,Jordan Chiles,3,0.0
34,412,Andy Richter,3,76.52172571669882
34,413,Robert Irwin,3,0.0
34,414,Hilaria Baldwin,3,0.0
34,415,Lauren Jauregui,3,0.0
34,416,Scott Hoying,3,0.0
34,417,Alix Earle,3,0.0
34,418,Jen Affleck,3,0.0
34,419,Whitney Leavitt,3,0.0
34,420,Dylan Efron,3,0.0
34,408,Danielle Fishel,4,0.0
34,409,Elaine Hendrix,4,0.0
34,411,Jordan Chiles,4,0.0
34,412,Andy Richter,4,78.60311921002669
34,413,Robert Irwin,4,0.0
34,414,Hilaria Baldwin,4,0.0
34,416,Scott Hoying,4,0.0
34,417,Alix Earle,4,0.0
34,418,Jen Affleck,4,0.0
34,419,Whitney Leavitt,4,0.0
34,420,Dylan Efron,4,0.0
34,408,Danielle Fishel,5,0.0
34,409,Elaine Hendrix,5,0.0
34,411,Jordan Chiles,5,0.0
34,412,Andy Richter,5,79.73332247268141
34,413,Robert Irwin,5,0.0
34,416,Scott Hoying,5,0.0
34,417,Alix Earle,5,0.0
34,418,Jen Affleck,5,0.0
34,419,Whitney Leavitt,5,0.0
34,420,Dylan Efron,5,0.0
34,408,Danielle Fishel,6,0.0
34,409,Elaine Hendrix,6,0.0
34,411,Jordan Chiles,6,0.0
34,412,Andy Richter,6,76.64824365119865
34,413,Robert Irwin,6,0.0
34,416,Scott Hoying,6,0.0
34,417,Alix Earle,6,0.0
34,418,Jen Affleck,6,0.0
34,419,Whitney Leavitt,6,0.0
34,420,Dylan Efron,6,0.0
34,408,Danielle Fishel,7,0.0
34,409,Elaine Hendrix,7,0.0
34,411,Jordan Chiles,7,0.0
34,412,Andy Richter,7,82.49693229645789
34,413,Robert Irwin,7,0.0
34,417,Alix Earle,7,0.0
34,418,Jen Affleck,7,0.0
34,419,Whitney Leavitt,7,0.0
34,420,Dylan Efron,7,0.0
34,408,Danielle Fishel,8,0.0
34,409,Elaine Hendrix,8,0.0
34,411,Jordan Chiles,8,0.0
34,412,Andy Richter,8,0.0
34,413,Robert Irwin,8,0.0
34,417,Alix Earle,8,0.0
34,419,Whitney Leavitt,8,0.0
34,420,Dylan Efron,8,0.0
34,409,Elaine Hendrix,9,0.0
34,411,Jordan Chiles,9,0.0
34,412,Andy Richter,9,77.58342966241275
34,413,Robert Irwin,9,0.0
34,417,Alix Earle,9,0.0
34,419,Whitney Leavitt,9,0.0
34,420,Dylan Efron,9,0.0
34,409,Elaine Hendrix,10,0.0
34,411,Jordan Chiles,10,0.0
34,413,Robert Irwin,10,0.0
34,417,Alix Earle,10,0.0
34,419,Whitney Leavitt,10,0.0
34,420,Dylan Efron,10,77.08943599547858
34,409,Elaine Hendrix,11,79.71324358295529
34,411,Jordan Chiles,11,0.0
34,413,Robert Irwin,11,0.0
34,417,Alix Earle,11,0.0
34,420,Dylan Efron,11,0.0
